Universidad;Tipo Titulacion;Facultad;titulacion;Título;Autor;Año;URL;Archivo Abstract;Palabras Clave;Idioma Abstract;Categoria;titulacion_normalizada;ODS 1;ODS 2;Nombre evaluado;Género inferido;Fuente de género
Universidad Autónoma de Madrid;TFG;Facultad de Psicología;Psicología;Adaptación y desarrollo de un programa de tratamiento psicológico para mejorar la cognición social en personas institucionalizadas con esquizofrenia;Rodríguez Gutiérrez, Laura;2021;https://repositorio.uam.es/handle/10486/703298;abstracts_uam_TFG\Adaptaci_n_y_desarrollo_de_un__2021_17824864.txt;"Esquizofrenia; Cognición social; SCIT; Schizophrenia; Social cognition";spa;Ciencias Sociales;psicologia;ODS 3: Salud y bienestar;ODS 4: Educación de calidad;Laura;female;gender-guesser
Universidad Autónoma de Madrid;TFG;Facultad de Psicología;Psicología;Alucinaciones visuales en la privación sensorial: ¿efecto colateral del mecanismo subyacente a las experiencias oníricas?;Fernández Celdrán, Eloy;2023;https://repositorio.uam.es/handle/10486/708634;abstracts_uam_TFG\Alucinaciones_visuales_en_la_p_2023_5016628.txt;"Ensueños; Experiencias oníricas; Privación sensorial; Síndrome Charles-Bonnet (CBS); Neurociencia; Neuroanatomía; Red neuronal por defecto; Alucinaciones visuales; Reveries; Dreamlike experiences; Sensory deprivation; Charles-Bonnet syndrome (CBS); Neuroscience; Neuroanatomy default neural network; Visual hallucinations";spa;Ciencias Sociales;psicologia;ODS 10: Reducción de las desigualdades;ODS 3: Salud y bienestar;Eloy;male;gender-guesser
Universidad Autónoma de Madrid;TFG;Facultad de Psicología;Psicología;Amor líquido en la sociedad neoliberal de consumo: contextualización, conceptualización y reflexiones hacia el cambio;Alonso Pérez, Eva;2021;https://repositorio.uam.es/handle/10486/698402;abstracts_uam_TFG\Amor_l_quido_en_la_sociedad_ne_2021_71862362.txt;"amor líquido; relaciones interpersonales; sociedad de consumo; neoliberalismo; educación";spa;Ciencias Sociales;psicologia;ODS 5: Igualdad de género;ODS 15: Vida de ecosistemas terrestres;Eva;female;gender-guesser
Universidad de Educación a Distancia (UNED);TFG;Facultades y escuelas::Facultad de Ciencias Políticas y Sociología;Grado en Sociología;Análisis cualitativo del factor vivienda en el fenómeno de la despoblación de los municipios rurales del territorio del Grupo de Acción Local Maestrat Plana Alta Leader (Castellón);Urban, Marta;2022;https://e-spacio.uned.es/entities/publication/8b7f19a0-93ee-44fe-a506-6beeb49202a3/full;abstracts\An_lisis_cualitativo_del_facto_2022_79467781.txt;rural, vivienda, despoblación, emancipación, nuevos pobladores;es;Ciencias Sociales;grado en sociologia;ODS 11: Ciudades y comunidades sostenibles;ODS 1: Fin de la pobreza;Marta;female;gender-guesser
Universidad Autónoma de Madrid;TFG;Facultad de Psicología;Psicología;Análisis descriptivo de la red social animal de un grupo de osos marinos (Arctocephalus pusillus);Martínez Cantera, Cecilia;2024;https://repositorio.uam.es/handle/10486/715922;abstracts_uam_TFG\An_lisis_descriptivo_de_la_red_2024_2523610.txt;"Redes sociales animales; Arctocephalus pusillus; Mamíferos marinos; Observación sistemática; Análisis de redes sociales; Animal social networks; Marine mammals; Systematic observation; Social network analysis";spa;Ciencias Sociales;psicologia;ODS 15: Vida de ecosistemas terrestres;ODS 14: Vida submarina;Cecilia;female;gender-guesser
Universidad de Educación a Distancia (UNED);TFG;Facultades y escuelas: Facultad de Psicología;Grado en Psicología;Análisis de distribución de sistemas de constructos personales sobre conos convexos bidimensionales de Jerarquía y Presencialidad: un estudio exploratorio;Hurtado Martínez, Carlos;2024;https://e-spacio.uned.es/entities/publication/3444edbe-27f8-46b6-93ed-f729acb87b5d/full;abstracts\An_lisis_de_distribuci_n_de_si_2024_97218475.txt;constructivismo, rejillas de implicaciones, mapas cognitivos borrosos, presencialidad y jerarquía, sistema de significados personales;es;Ciencias Sociales;grado en psicologia;ODS 17: Alianzas para lograr los objetivos;ODS 10: Reducción de las desigualdades;Carlos;male;gender-guesser
Universidad Autónoma de Madrid;TFG;Facultad de Psicología;Psicología;Análisis y mejora de la evaluación neuropsicológica en las residencias de mayores y centros de día Amavir incorporando la evaluación de funciones visuales;Rosselet Noriega, Ana;2024;https://repositorio.uam.es/handle/10486/713250;abstracts_uam_TFG\An_lisis_y_mejora_de_la_evalua_2024_86189560.txt;"Percepción visual; Procesamiento global-local; Envejecimiento; Tarea de los 15 objetos; Tarea de Navon; Visual perception; Global-local processing; Aging; 15 objects Task; Navon Task";spa;Ciencias Sociales;psicologia;ODS 3: Salud y bienestar;ODS 4: Educación de calidad;Ana;female;gender-guesser
Universidad Autónoma de Madrid;TFG;Facultad de Psicología;Psicología;Arquitecturas de la experiencia : la organización retórica de la identidad a través del espacio penitenciario;Florea, Cristina;2021;https://repositorio.uam.es/handle/10486/703360;abstracts_uam_TFG\Arquitecturas_de_la_experienci_2021_86064730.txt;"Prisión; Experiencia; Identidad; Espacio; Reinserción";spa;Ciencias Sociales;psicologia;ODS 16: Paz, justicia e instituciones sólidas;ODS 10: Reducción de las desigualdades;Cristina;female;gender-guesser
Universidad de Educación a Distancia (UNED);TFG;Facultad de Psicología;Grado en Psicología;Autoconocimiento y Potenciación de Hábitos Saludables en Pacientes con Enfermedad Cardiaca;Benítez Santos, Isabel Maite;2024;https://e-spacio.uned.es/entities/publication/0ac9e562-fbee-4483-ab50-632301b128a0/full;abstracts\Autoconocimiento_y_Potenciaci__2024_81188260.txt;autoconocimiento, hábitos saludables, significados personales, mapas cognitivos borrosos, dinámicas de sistemas, enfermedad cardiaca;es;Ciencias Sociales;grado en psicologia;ODS 3: Salud y bienestar;ODS 13: Acción por el clima;Isabel;female;gender-guesser
Universidad de Educación a Distancia (UNED);TFG;Facultades y escuelas::Facultad de Ciencias Políticas y Sociología;Grado en Sociología;Catolicismo y New Age: ¿compatibles?;García Crisóstomo, Rafael;2019;https://e-spacio.uned.es/entities/publication/e1e05e1d-ed99-4177-a756-6ef0e5a85157/full;abstracts\Catolicismo_y_New_Age___compat_2019_85794510.txt;catolicismo, Iglesia, New Age, Nueva Era, religiosidad, espiritualidad, Catholicism, Church, religiosity, spirituality;;Ciencias Sociales;grado en sociologia;ODS 16: Paz, justicia e instituciones sólidas;ODS 9: Industria, innovación e infraestructura;Rafael;male;gender-guesser
Universidad Autónoma de Madrid;TFG;Facultad de Psicología;Psicología;"Co-construcción de ""La Reconquista”: negociación de narrativas mediante el diálogo en díadas";Benito Sanz, Alba;2023;https://repositorio.uam.es/handle/10486/708659;abstracts_uam_TFG\Co-construcci_n_de__La_Reconqu_2023_29572185.txt;"Memoria colectiva; Narrativas maestras; Reconquista; Co-construcción; Diálogo; Collective memory; Master narratives; Reconquest; Co-construction; Dialogue";spa;Ciencias Sociales;psicologia;ODS 4: Educación de calidad;ODS 14: Vida submarina;Alba;female;gender-guesser
Universidad Autónoma de Madrid;TFG;Facultad de Psicología;Psicología;Conciliación  familiar  y su  efecto en  las  desigualdades  laborales  entre  sexos;Tomás Fernández, Teresa;2021;https://repositorio.uam.es/handle/10486/700143;abstracts_uam_TFG\Conciliaci_n__familiar__y_su___2021_40216941.txt;"Conciliación familiar; trabajo; satisfacción vital";spa;Ciencias Sociales;psicologia;ODS 5: Igualdad de género;ODS 3: Salud y bienestar;Teresa;female;gender-guesser
Universidad de Educación a Distancia (UNED);TFG;Facultades y escuelas::Facultad de Filosofía;Grado en Antropología Social y Cultural;Construyendo cuerpos colectivos: las performances como escenarios de sororidad en el activismo feminista;Clemente Fernández, María Dolores;2024;https://e-spacio.uned.es/entities/publication/629e6385-9b8e-41c0-8c4d-2897cc7f8bb3/full;abstracts\Construyendo_cuerpos_colectivo_2024_7149760.txt;feminismos, activismos urbanos, performances, antropología del cuerpo, espacio público, corporización, eminisms, urban activisms, performances, anthropology of the body, public space, embodiment;es;Ciencias Sociales;grado en antropologia social y cultural;ODS 5: Igualdad de género;ODS 17: Alianzas para lograr los objetivos;María;female;gender-guesser
Universidad Autónoma de Madrid;TFG;Facultad de Psicología;Psicología;Control inhibitorio selectivo en niños y adolescentes con trastorno del espectro alcohólico fetal: un estudio preliminar;Vicente Gómez, Cristina;2023;https://repositorio.uam.es/handle/10486/708734;abstracts_uam_TFG\Control_inhibitorio_selectivo__2023_75713256.txt;"Control inhibitorio selectivo; Trastorno del espectro alcohólico fetal; SSRT; Estrategias de control inhibitorio; Selective inhibitory control; Fetal alcohol spectrum disorder; Inhibition strategy";spa;Ciencias Sociales;psicologia;ODS 10: Reducción de las desigualdades;ODS 3: Salud y bienestar;Cristina;female;gender-guesser
Universidad Autónoma de Madrid;TFG;Facultad de Psicología;Psicología;Dependencia emocional y uso problemático de las nuevas tecnologías;Carballo Losada, Marta;2021;https://repositorio.uam.es/handle/10486/704777;abstracts_uam_TFG\Dependencia_emocional_y_uso_pr_2021_81376423.txt;"Dependencia emocional; Tecnología; Uso problemático; Diferencias de sexo; Emotional dependency; Technology; Problematic use; Sex differences";spa;Ciencias Sociales;psicologia;ODS 5: Igualdad de género;ODS 3: Salud y bienestar;Marta;female;gender-guesser
Universidad de Educación a Distancia (UNED);TFG;Facultades y escuelas::Facultad de Psicología;Grado en Sociología;Desnutrición y rehabilitación nutricional: efectos sexualmente diferenciales en el locus coeruleus de la rata;Herrán Alonso, Juan;2010;https://e-spacio.uned.es/entities/publication/7a2907c2-14fe-40e5-ac6b-56f013a61d63/full;abstracts\Desnutrici_n_y_rehabilitaci_n__2010_26387094.txt;desnutrición, rehabilitación nutricional, dimorfismo sexual, desarrollo sistema nervioso, locus coeruleus, malnutrition, nutritional rehabilitation, sexual dimorphism, nervous system development;es;Ciencias Sociales;grado en sociologia;ODS 1: Fin de la pobreza;ODS 3: Salud y bienestar;Juan;male;gender-guesser
Universidad Autónoma de Madrid;TFG;Facultad de Psicología;Psicología;Diseño de programa de intervención de las autolesiones no suicidas (ANS) en adolescentes;Montáns Argüelles, Irene;2023;https://repositorio.uam.es/handle/10486/708575;abstracts_uam_TFG\Dise_o_de_programa_de_interven_2023_67431561.txt;"Adolescentes; Analítico-funcional; Autolesiones no suicidas (ANS); Cognitivo-conductual; Programa de intervención; Adolescents; Cognitive-behavioral; Functional-analysis; Intervention program; Non-suicidal self-injury (NSSI)";spa;Ciencias Sociales;psicologia;ODS 3: Salud y bienestar;ODS 1: Fin de la pobreza;Irene;female;gender-guesser
Universidad Autónoma de Madrid;TFG;Facultad de Psicología;Psicología;Diseño de un programa de intervención multifactorial sobre identidades de género en educación primaria;Huertas Alonso, Aitana;2021;https://repositorio.uam.es/handle/10486/704728;abstracts_uam_TFG\Dise_o_de_un_programa_de_inter_2021_5756575.txt;"Transexualidad; Contexto educativo; Programa de intervención; Educación primaria; Transseuality; Educational context; Intervention program; Primary education";spa;Ciencias Sociales;psicologia;ODS 5: Igualdad de género;ODS 10: Reducción de las desigualdades;Aitana;female;gender-guesser
Universidad Autónoma de Madrid;TFG;Facultad de Psicología;Psicología;Diseño de un programa de intervención sobre el enmascaramiento y sus consecuencias en mujeres con TEA;Collantes Pérez, Aurora;2023;https://repositorio.uam.es/handle/10486/717027;abstracts_uam_TFG\Dise_o_de_un_programa_de_inter_2023_96353603.txt;"Programa de intervención; Trastorno del Espectro Autista; Enmascaramiento; Mujeres";spa;Ciencias Sociales;psicologia;ODS 3: Salud y bienestar;ODS 5: Igualdad de género;Aurora;female;gender-guesser
Universidad Autónoma de Madrid;TFG;Facultad de Psicología;Psicología;Diseño de un programa de intervención de la conducta suicida en adolescentes;Trujillo Sánchez, Zaida;2024;https://repositorio.uam.es/handle/10486/713298;abstracts_uam_TFG\Dise_o_de_un_programa_de_inter_2024_78448875.txt;"Adolescentes; Cognitivo-conductual; Conducta suicida; Programa de intervención; Riesgo moderado; Adolescents; Cognitive-behavioral; Suicidal behavior; Intervention program; Moderate risk";spa;Ciencias Sociales;psicologia;ODS 3: Salud y bienestar;ODS 1: Fin de la pobreza;Zaida;female;gender-guesser
Universidad Autónoma de Madrid;TFG;Facultad de Psicología;Psicología;Diseño de un programa de prevención de trastornos de ansiedad y depresión en personas con niveles elevados de perfeccionismo en la infancia;Sánchez Fernández, Bárbara;2024;https://repositorio.uam.es/handle/10486/713378;abstracts_uam_TFG\Dise_o_de_un_programa_de_preve_2024_99469581.txt;"Perfeccionismo; Infancia; Psicopatología; Prevención; Intervención cognitivo-conductual; Perfectionism; Childhood; Psychopathology; Prevention; Cognitive-behavioral intervention";spa;Ciencias Sociales;psicologia;ODS 3: Salud y bienestar;ODS 4: Educación de calidad;Bárbara;female;gender-guesser
Universidad Autónoma de Madrid;TFG;Facultad de Psicología;Psicología;Diseño de un programa de rehabilitación cognitiva en memoria verbal para el tratamiento de pacientes con trastornos psicóticos crónicos;López Jiménez, Sara;2024;https://repositorio.uam.es/handle/10486/713297;abstracts_uam_TFG\Dise_o_de_un_programa_de_rehab_2024_92312842.txt;"Deterioro cognitivo; Rehabilitación cognitiva; Memoria verbal; Psicosis; Cognitive impairment; Cognitive rehabilitation; Verbal memory; Psycosis";spa;Ciencias Sociales;psicologia;ODS 3: Salud y bienestar;ODS 10: Reducción de las desigualdades;Sara;female;gender-guesser
Universidad Autónoma de Madrid;TFG;Facultad de Psicología;Psicología;Diseño de un programa psicoeducativo para familiares de personas con primer episodio psicótico;Sevillano Miranda, David;2023;https://repositorio.uam.es/handle/10486/708690;abstracts_uam_TFG\Dise_o_de_un_programa_psicoedu_2023_34905304.txt;"Trastorno psicótico; Intervención temprana; Psicoeducación familiar; Habilidades de afrontamiento; Psychotic disorder; Early intervention; Family psychoeducation; Coping skills";spa;Ciencias Sociales;psicologia;ODS 3: Salud y bienestar;ODS 1: Fin de la pobreza;David;male;gender-guesser
Universidad Autónoma de Madrid;TFG;Facultad de Psicología;Psicología;Diseño de un tratamiento de un trastorno de personalidad desde un punto de vista transdiagnóstico: un caso clínico;Herrero Agustín, María Victoria;2024;https://repositorio.uam.es/handle/10486/715921;abstracts_uam_TFG\Dise_o_de_un_tratamiento_de_un_2024_25972380.txt;"Trastorno de personalidad; Modelo transdiagnóstico; Trastorno de personalidad no especificado; DSM-5";spa;Ciencias Sociales;psicologia;ODS 3: Salud y bienestar;ODS 5: Igualdad de género;María;female;gender-guesser
Universidad de Educación a Distancia (UNED);TFG;Facultades y escuelas::Facultad de Filosofía;Grado en Antropología Social y Cultural;Dos formas de amar. Un estudio antropológico sobre el amor romántico en Disney y el Studio Ghibli;Orihuel Pérez-Klett, Pablo;2023;https://e-spacio.uned.es/entities/publication/eed05a27-a5b7-45c5-a410-6e462db8d9b0/full;abstracts\Dos_formas_de_amar__Un_estudio_2023_8993604.txt;;es;Ciencias Sociales;grado en antropologia social y cultural;ODS 5: Igualdad de género;ODS 14: Vida submarina;Pablo;male;gender-guesser
Universidad Autónoma de Madrid;TFG;Facultad de Ciencias Económicas y Empresariales;Grado en Filosofía, Política y Economía;El auge del posmaterialismo y la transformación de los partidos socialdemócratas en Europa. Un estudio de caso de la evolución programática del PSOE;Gutiérrez Sejas, Alicia;2024;https://repositorio.uam.es/handle/10486/714115;abstracts_uam_TFG\El_auge_del_posmaterialismo_y__2024_98446602.txt;"Partido Socialista Obrero Español - Programas - Historia; Socialdemocracia - Europa; Nuevos movimientos sociales (NMS); Postmaterialismo; Manifesto Research on Political Representation (MARPOR)";spa;Ciencias Sociales;grado en filosofia, politica y economia;ODS 16: Paz, justicia e instituciones sólidas;ODS 9: Industria, innovación e infraestructura;Alicia;female;gender-guesser
Universidad de Educación a Distancia (UNED);TFG;Facultades y escuelas::Facultad de Ciencias Políticas y Sociología;Grado en Sociología;"El lavado de imagen verde ""Greenwashing"". Una aproximación a partir de las estrategias de comunicación de las grandes eléctricas españolas";González Martín, Rodrigo;2020;https://e-spacio.uned.es/entities/publication/c4ae7e88-88e1-41e5-9ea6-2c6a634b0baf/full;abstracts\El_lavado_de_imagen_verde__Gre_2020_40231645.txt;ecoblanqueamiento, responsabilidad social corporativa (RSC), publicidad verde, impacto ambiental, comunicación ambiental, greenwashing, corporate social responsibility (CSR), green marketing, environmental impact, environmental communication;es;Ciencias Sociales;grado en sociologia;ODS 11: Ciudades y comunidades sostenibles;ODS 15: Vida de ecosistemas terrestres;Rodrigo;male;gender-guesser
Universidad Autónoma de Madrid;TFG;Facultad de Filosofía y Letras;Filosofía, Política y Economía. Curso Académico 2019-2020;El (re)descubrimiento del cuerpo: Friedrich Nietzsche e Isadora Duncan;Vidal González, Ana Beatriz;2020;https://repositorio.uam.es/handle/10486/692229;abstracts_uam_TFG\El__re_descubrimiento_del_cuer_2020_69412504.txt;"ética; danza; antropología filosófica";spa;Ciencias Sociales;filosofia, politica y economia. curso academico 2019-2020;ODS 15: Vida de ecosistemas terrestres;ODS 17: Alianzas para lograr los objetivos;Ana;female;gender-guesser
Universidad Autónoma de Madrid;TFG;Facultad de Psicología;Psicología;Empleo de LSA para detectar los cinco grandes de personalidad en textos breves mediante la redefinición del espacio semántico;Artiñano Arizmendi, Borja;2022;https://repositorio.uam.es/handle/10486/704328;abstracts_uam_TFG\Empleo_de_LSA_para_detectar_lo_2022_29867604.txt;"Semántica computacional; LSA; Juicios de personalidad; Modelo de los 5 grandes; Autodescripción; Inbuilt rubric; Computational semantics; Personality judgements; Big five model; Self-description";spa;Ciencias Sociales;psicologia;ODS 4: Educación de calidad;ODS 5: Igualdad de género;Borja;male;gender-guesser
Universidad de Educación a Distancia (UNED);TFG;Facultades y escuelas::Facultad de Ciencias Políticas y Sociología;Grado en Sociología;Escuela rural y despoblamiento: ¿arraigo o desarraigo en el profesorado rural de Valderredible?;Revuelta Gallo, Jorge;2021;https://e-spacio.uned.es/entities/publication/c999ef14-f526-4f69-ae08-f32eca057b06/full;abstracts\Escuela_rural_y_despoblamiento_2021_11203304.txt;;es;Ciencias Sociales;grado en sociologia;ODS 11: Ciudades y comunidades sostenibles;ODS 1: Fin de la pobreza;Jorge;male;gender-guesser
Universidad Autónoma de Madrid;TFG;Facultad de Psicología;Psicología;Estrés parental en madres y padres de niños con TEA: determinantes asociados a las características del niño;Martín Abad, Aurora de Nazaret;2021;https://repositorio.uam.es/handle/10486/700146;abstracts_uam_TFG\Estr_s_parental_en_madres_y_pa_2021_32912346.txt;"TEA; estrés parental; género; perfil sensorial; problemas de conducta; severidad";spa;Ciencias Sociales;psicologia;ODS 3: Salud y bienestar;ODS 10: Reducción de las desigualdades;Aurora;female;gender-guesser
Universidad Autónoma de Madrid;TFG;Facultad de Psicología;Psicología;Estudio de las frecuencias naturales de la corteza motora durante la realización de movimientos;Olteanu Dinca, Ecaterina Andreea;2022;https://repositorio.uam.es/handle/10486/703372;abstracts_uam_TFG\Estudio_de_las_frecuencias_nat_2022_46119921.txt;"Actividad motora simple; Corteza motora; Frecuencia natural; HCP; MEG; Motor cortex; Natural frequency; Simple motor activity";spa;Ciencias Sociales;psicologia;ODS 12: Producción y consumo responsables;ODS 3: Salud y bienestar;Ecaterina;female;gender-guesser
Universidad Autónoma de Madrid;TFG;Facultad de Psicología;Psicología;Estudio de la relación entre el éxito terapéutico y procesos de cambio mediante el análisis de la conducta verbal;Sánchez Fernández-Quejo, Alberto;2022;https://repositorio.uam.es/handle/10486/703749;abstracts_uam_TFG\Estudio_de_la_relaci_n_entre_e_2022_65132814.txt;"Procesos de cambio; Éxito terapéutico; Conducta verbal; Análisis secuencial; Interacción verbal terapéutica; Change processes; Therapeutic success; Verbal behavior; Sequential analyzes; Therapeutic verbal interaction";spa;Ciencias Sociales;psicologia;ODS 3: Salud y bienestar;ODS 17: Alianzas para lograr los objetivos;Alberto;male;gender-guesser
Universidad de Educación a Distancia (UNED);TFG;Facultades y escuelas::Facultad de Psicología;Grado en Psicología;Evaluación psicológica para la incorporación de hábitos saludables mediante el uso de Mapas Cognitivos Borrosos y las herramientas de “PsychLab Psychological Change Lab (s.f.). PsychLab. https://psychlab.uned.es/” desarrollado por el Grupo de Investigación Constructivista de la UNED (GICUNED);Gil Morente, Francisco;2024;https://e-spacio.uned.es/entities/publication/f5fbb94f-4d3d-49cb-b033-deb66c45d999/full;abstracts\Evaluaci_n_psicol_gica_para_la_2024_86783977.txt;promoción de la salud, sistema de anticipación de causas y consecuencias,, mapas cognitivos borrosos, gridFCM, https://psychlab.uned.es/;es;Ciencias Sociales;grado en psicologia;ODS 3: Salud y bienestar;ODS 4: Educación de calidad;Francisco;male;gender-guesser
Universidad de Educación a Distancia (UNED);TFG;Facultades y escuelas::Facultad de Psicología;Grado en Psicología;Exploración del proceso de cambio psicológico a través de modelos constructivistas basados en sistemas de restricciones cognitivas y evolución temporal de mapas cognitivos borrosos;Torrecilla Torregrosa, Alejandro;2024;https://e-spacio.uned.es/entities/publication/57819f3c-9da7-463c-a961-dfbae6e1867f/full;abstracts\Exploraci_n_del_proceso_de_cam_2024_29426693.txt;rejilla de implicaciones, mapas cognitivos borrosos, hábitos saludables, SAT Solver, algoritmos de optimización, optimización de colonia de hormigas;es;Ciencias Sociales;grado en psicologia;ODS 10: Reducción de las desigualdades;ODS 3: Salud y bienestar;Alejandro;male;gender-guesser
Universidad Autónoma de Madrid;TFG;Facultad de Psicología;Psicología;Factores protectores y de riesgo de duelo complicado en mujeres víctimas de pérdida perinatal: una revisión sistemática;Puebla Torices, Alba;2024;https://repositorio.uam.es/handle/10486/715574;abstracts_uam_TFG\Factores_protectores_y_de_ries_2024_4069261.txt;"Pérdida perinatal; Duelo complicado; Factores de riesgo; Factores protectores; Revisión sistemática; Perinatal loss; Complicated grief; Risk factors; Protective factors; Systematic review";spa;Ciencias Sociales;psicologia;ODS 5: Igualdad de género;ODS 3: Salud y bienestar;Alba;female;gender-guesser
Universidad Autónoma de Madrid;TFG;Facultad de Psicología;Psicología;Fortalecimiento de la cognición social en personas con diagnóstico de esquizofrenia: propuesta de intervención;Arias Burgueño, Paula;2024;https://repositorio.uam.es/handle/10486/717514;abstracts_uam_TFG\Fortalecimiento_de_la_cognici__2024_34466873.txt;"Cognición social; Esquizofrenia; Funcionamiento social; Intervención temprana; Social cognition; Schizophrenia; Social functioning; Early intervention";spa;Ciencias Sociales;psicologia;ODS 3: Salud y bienestar;ODS 4: Educación de calidad;Paula;female;gender-guesser
Universidad de Educación a Distancia (UNED);TFG;Facultades y escuelas::Facultad de Filosofía;Grado en Filosofía;Grafeno: biografía de un material;Amor García, Mario;2017;https://e-spacio.uned.es/entities/publication/a2065db6-6af7-4e44-a4ed-2fa8efafa774/full;abstracts\Grafeno__biograf_a_de_un_mater_2017_81950082.txt;;es;Ciencias Sociales;grado en filosofia;ODS 15: Vida de ecosistemas terrestres;ODS 13: Acción por el clima;Mario;male;gender-guesser
Universidad Autónoma de Madrid;TFG;Facultad de Psicología;Psicología;Herramienta de apoyo docente para construir exámenes tipo test. Desarrollo y obtención de evidencias de validez y fiabilidad de la Escala de Calidad de Exámenes Tipo Test (ECET);Muñoz Teno, Paula;2024;https://repositorio.uam.es/handle/10486/717953;abstracts_uam_TFG\Herramienta_de_apoyo_docente_p_2024_62738564.txt;"Validez; Fiabilidad; Desarrollo de exámenes tipo test; Ítems de opción múltiple; Construcción de ítems; Guías para desarrollar ítems; Validity; Reliability; Test development; Multiple-choice items; Item-writing; Item development guidelines";spa;Ciencias Sociales;psicologia;ODS 4: Educación de calidad;ODS 10: Reducción de las desigualdades;Paula;female;gender-guesser
Universidad de Educación a Distancia (UNED);TFG;Facultades y escuelas::Facultad de Psicología;Grado en Psicología;Identificación de Conductas Humillantes para la Víctima en Homicidios en Relación de Pareja;Otín Del Castillo, José María;2019;https://e-spacio.uned.es/entities/publication/b7c45bc6-12ea-4393-bd28-77e190d6310b/full;abstracts\Identificaci_n_de_Conductas_Hu_2019_77611742.txt;Humillación, emociones autoconscientes, homicidio, escena del crimen;es;Ciencias Sociales;grado en psicologia;ODS 5: Igualdad de género;ODS 16: Paz, justicia e instituciones sólidas;José;male;gender-guesser
Universidad Autónoma de Madrid;TFG;Facultad de Psicología;Psicología;Influencia del movimiento en la atención visual en la tarea FOIB en adultos con TDAH;Ferrer Mendieta, Alicia;2023;https://repositorio.uam.es/handle/10486/708715;abstracts_uam_TFG\Influencia_del_movimiento_en_l_2023_51483677.txt;"Tarea FORAGEKID; Tarea FOIB; TDAH; Rastreo visual; Dinamicidad y movimiento; Hybrid foraging; FORAGEKID task; FOIB task; ADHD; Visual search; Dynamicity and movement";spa;Ciencias Sociales;psicologia;ODS 3: Salud y bienestar;ODS 13: Acción por el clima;Alicia;female;gender-guesser
Universidad de Educación a Distancia (UNED);TFG;Facultades y escuelas::Facultad de Filosofía;Grado en Filosofía;Introducción al pensamiento de María Zambrano. Un camino de vuelta de la mano de Chantal Maillard;Brâncovean Alecu, Alexandra;2022;https://e-spacio.uned.es/entities/publication/3ad11805-4bd4-41e4-99ad-751283889419/full;abstracts\Introducci_n_al_pensamiento_de_2022_71672051.txt;;es;Ciencias Sociales;grado en filosofia;ODS 13: Acción por el clima;ODS 4: Educación de calidad;Alexandra;female;gender-guesser
Universidad Autónoma de Madrid;TFG;Facultad de Psicología;Psicología;Investigación sobre el significado de la dimensión de “formalidad” en el modelo de EMNA (Evaluative Model of Normative Appraisal);Barallobre Fernández, Fátima;2022;https://repositorio.uam.es/handle/10486/704632;abstracts_uam_TFG\Investigaci_n_sobre_el_signifi_2022_89577794.txt;"Normas; Appraisal; EMNA; Formalidad; Cumplimiento; Norms; Formality; Compliance";spa;Ciencias Sociales;psicologia;ODS 10: Reducción de las desigualdades;ODS 16: Paz, justicia e instituciones sólidas;Fátima;female;gender-guesser
Universidad Autónoma de Madrid;TFG;Facultad de Derecho;Filosofía, Política y Economía. Curso Académico 2019-2020;La Agenda Urbana para la Unión Europea: Politización de la gobernanza europea de las ciudades;Sevillano Navas, Alicia;2020;https://repositorio.uam.es/handle/10486/692227;abstracts_uam_TFG\La_Agenda_Urbana_para_la_Uni_n_2020_76818234.txt;"Agenda Urbana para la Unión Europea; política urbana; politización; gobernanza";spa;Ciencias Sociales;filosofia, politica y economia. curso academico 2019-2020;ODS 17: Alianzas para lograr los objetivos;ODS 11: Ciudades y comunidades sostenibles;Alicia;female;gender-guesser
Universidad Autónoma de Madrid;TFG;Facultad de Psicología;Psicología;La caricia como vía hacia la humanización: el sentido ético del contacto en la intervención psicológica con personas con discapacidad intelectual;Fernández San José, Lucía;2024;https://repositorio.uam.es/handle/10486/713337;abstracts_uam_TFG\La_caricia_como_v_a_hacia_la_h_2024_67748122.txt;"Ética; Discapacidad intelectual; Humanización del cuidado; Contacto físico; Caricia; Ethics; Intellectual disability; Humanisation of care; Physical contact; Caress";spa;Ciencias Sociales;psicologia;ODS 3: Salud y bienestar;ODS 16: Paz, justicia e instituciones sólidas;Lucía;female;gender-guesser
Universidad de Educación a Distancia (UNED);TFG;Facultades y escuelas::Facultad de Filosofía;Grado en Antropología Social y Cultural;La Prosperitat: Vecindades en lucha;Valiente Rodríguez, Carlos;2019;https://e-spacio.uned.es/entities/publication/cdf9a60f-733e-4667-a621-f56bd5cc6bb5/full;abstracts\La_Prosperitat__Vecindades_en__2019_67162655.txt;;es;Ciencias Sociales;grado en antropologia social y cultural;ODS 11: Ciudades y comunidades sostenibles;ODS 15: Vida de ecosistemas terrestres;Carlos;male;gender-guesser
Universidad Autónoma de Madrid;TFG;Facultad de Psicología;Psicología;La representación  de  la  mujer en la pornografía desde una  perspectiva psicosocial;Criado Pajuelo, Andrea;2021;https://repositorio.uam.es/handle/10486/700144;abstracts_uam_TFG\La_representaci_n__de__la__muj_2021_86173347.txt;"pornografía convencional; violencia sexual; cosificación sexual; educación afectivo-sexual; sexualidad";spa;Ciencias Sociales;psicologia;ODS 5: Igualdad de género;ODS 4: Educación de calidad;Andrea;female;gender-guesser
Universidad de Educación a Distancia (UNED);TFG;Facultades y escuelas::Facultad de Filosofía;Grado en Filosofía;Lo sano y lo enfermo: De sociedades patológicas y patologías sociales;Santamaría Mongil, Sarini;2024;https://e-spacio.uned.es/entities/publication/6d235824-66f8-4d81-832e-d8c9dd8f1115/full;abstracts\Lo_sano_y_lo_enfermo__De_socie_2024_79308720.txt;patología, filosofía de la medicina, medicina, sociología, terapia, salud, enfermedad, vitalismo, locura, LGBTIQ+, pathology, philosophy of medicine, medicine, sociology, therapy, health, sickness, vitalism, madness;es;Ciencias Sociales;grado en filosofia;ODS 3: Salud y bienestar;ODS 13: Acción por el clima;Sarini;female;manual
Universidad Autónoma de Madrid;TFG;Facultad de Psicología;Psicología;Mejora de la convivencia escolar para alumnado de 5º de primaria a través del fortalecimiento de la inteligencia emocional;Rivera Balius, Isabel;2021;https://repositorio.uam.es/handle/10486/700145;abstracts_uam_TFG\Mejora_de_la_convivencia_escol_2021_78353356.txt;"convivencia  escolar; relaciones interpersonales; inteligencia emocional; educación emocional; educación primaria";spa;Ciencias Sociales;psicologia;ODS 4: Educación de calidad;ODS 3: Salud y bienestar;Isabel;female;gender-guesser
Universidad de Educación a Distancia (UNED);TFG;Facultades y escuelas::Facultad de Psicología;Grado en Psicología;Narrativas personales en niños españoles. Una adaptación del protocolo Global TALES incluyendo emociones autoconscientes;Larrañaga Caravaca, Cristina;2024;https://e-spacio.uned.es/entities/publication/51d07018-2c14-4f0b-9a58-49bc0da3e832/full;abstracts\Narrativas_personales_en_ni_os_2024_54828620.txt;narrativas personales, GLOBAL TALES, identidad personal, emociones autoconscientes, personal narratives, personal identity, self-conscious emotions;es;Ciencias Sociales;grado en psicologia;ODS 17: Alianzas para lograr los objetivos;ODS 11: Ciudades y comunidades sostenibles;Cristina;female;gender-guesser
Universidad de Educación a Distancia (UNED);TFG;Facultades y escuelas::Facultad de Filosofía;Grado en Filosofía;Nietzsche o la conciencia más aguda del Romanticismo;Matos Mateo, Ismael De;2024;https://e-spacio.uned.es/entities/publication/57397f3c-f6e4-4e50-af79-4f723a29d2ce/full;abstracts\Nietzsche_o_la_conciencia_m_s__2024_86300525.txt;Nietzsche, Wagner, romanticismo, Sturm und Drang, música, romanticism, music;es;Ciencias Sociales;grado en filosofia;ODS 15: Vida de ecosistemas terrestres;ODS 5: Igualdad de género;Ismael;male;gender-guesser
Universidad de Educación a Distancia (UNED);TFG;Facultades y escuelas::Facultad de Filosofía;Grado en Filosofía;Operar(nos) con Paul B. Preciado: inventar la libertad;Hernández Ramos, Luis;2024;https://e-spacio.uned.es/entities/publication/f5a6317c-b86f-47f3-97be-48a89a8b268b/full;abstracts\Operar_nos__con_Paul_B__Precia_2024_23832419.txt;subjetivación disidente, paradigma binario, tecnología, prótesis, virus, metaconstructivismo, somateca, simbionte político, somatopolítica, capitalismo farmacopornográfico, régimen petrosexoracial, prácticas de invención de libertad;es;Ciencias Sociales;grado en filosofia;ODS 15: Vida de ecosistemas terrestres;ODS 7: Energía asequible y no contaminante;Luis;male;gender-guesser
Universidad de Educación a Distancia (UNED);TFG;Facultades y escuelas::Facultad de Filosofía;Grado en Antropología Social y Cultural;Percepción del Xeoparque Montañas do Courel Identidades, patrimonialización y aproximaciones.;Zuheros Pérez, Roberto;2023;https://e-spacio.uned.es/entities/publication/033b5aa5-26f1-4972-b029-e0def0d61483/full;abstracts\Percepci_n_del_Xeoparque_Monta_2023_3700412.txt;;es;Ciencias Sociales;grado en antropologia social y cultural;ODS 15: Vida de ecosistemas terrestres;ODS 11: Ciudades y comunidades sostenibles;Roberto;male;gender-guesser
Universidad de Educación a Distancia (UNED);TFG;Facultades y escuelas::Facultad de Filosofía;Grado en Filosofía;Pliegue y fondo. Sobre la diferencia entre las prácticas de sí en Michel Foucault y María Zambrano;Villarino Moure, Carlos;2022;https://e-spacio.uned.es/entities/publication/e0fc0433-74bc-4469-862a-dbcfbbe6d73c/full;abstracts\Pliegue_y_fondo__Sobre_la_dife_2022_25436613.txt;Zambrano, Foucault, sí mismo, subjetivación, prácticas de sí, self, subjectivation, practices of the self;es;Ciencias Sociales;grado en filosofia;ODS 15: Vida de ecosistemas terrestres;ODS 13: Acción por el clima;Carlos;male;gender-guesser
Universidad Autónoma de Madrid;TFG;Facultad de Psicología;Psicología;Prediciendo desempeño y bienestar en el teletrabajo: en busca de un perfil de personalidad idóneo;Wan Wang, Joseph Li;2023;https://repositorio.uam.es/handle/10486/708545;abstracts_uam_TFG\Prediciendo_desempe_o_y_bienes_2023_85285472.txt;"Teletrabajo; Personalidad; Desempeño laboral; Bienestar laboral; Telework; Personality; Job performance; Job well-being";spa;Ciencias Sociales;psicologia;ODS 9: Industria, innovación e infraestructura;ODS 3: Salud y bienestar;Joseph;male;gender-guesser
Universidad Autónoma de Madrid;TFG;Facultad de Psicología;Psicología;Prevalencia de la enfermedad de Alzheimer en la población con síndrome de Down;Lanza Miranda, Esther;2023;https://repositorio.uam.es/handle/10486/708476;abstracts_uam_TFG\Prevalencia_de_la_enfermedad_d_2023_75456136.txt;"Síndrome de Down; Enfermedad de Alzheimer; Prevalencia; Afectación; Down Syndrome; Alzheimer's Disease; Prevalence; Affectation";spa;Ciencias Sociales;psicologia;ODS 3: Salud y bienestar;ODS 10: Reducción de las desigualdades;Esther;female;gender-guesser
Universidad de Educación a Distancia (UNED);TFG;Facultades y escuelas::Facultad de Filosofía;Grado en Antropología Social y Cultural;Producir políticas para una ciudad “descarbonizada”. Formas de producción de políticas públicas vinculadas al cambio climático en el espacio público de Madrid;Romero Muñoz, Sara;2021;https://e-spacio.uned.es/entities/publication/617fe170-acc8-4d1e-88b8-377e00ecd41d/full;abstracts\Producir_pol_ticas_para_una_ci_2021_93394306.txt;política pública, ayuntamiento, cambio climático, descarbonización, Madrid, public policy, city council, climate change, decarbonisation, Madrid;es;Ciencias Sociales;grado en antropologia social y cultural;ODS 11: Ciudades y comunidades sostenibles;ODS 13: Acción por el clima;Sara;female;gender-guesser
Universidad Autónoma de Madrid;TFG;Facultad de Psicología;Psicología;Programa de intervención combinada en habilidades sociales dirigido a jóvenes con discapacidad intelectual;Juárez Martín-Forero, María Blanca;2021;https://repositorio.uam.es/handle/10486/703773;abstracts_uam_TFG\Programa_de_intervenci_n_combi_2021_92180387.txt;"Programa de intervención; Discapacidad intelectual; Habilidades sociales; Formato combinado; Intervention program; Intellectual disability; Social skills; Blended format";spa;Ciencias Sociales;psicologia;ODS 3: Salud y bienestar;ODS 4: Educación de calidad;María;female;gender-guesser
Universidad Autónoma de Madrid;TFG;Facultad de Psicología;Psicología;Programa de intervención para la mejora de la comunicación de docentes con familias en educación infantil y primaria;Cabrera Picazo, Candela;2023;https://repositorio.uam.es/handle/10486/708574;abstracts_uam_TFG\Programa_de_intervenci_n_para__2023_51985022.txt;"Colaboración; Comunicación; Familia; Escuela; Habilidades";spa;Ciencias Sociales;psicologia;ODS 4: Educación de calidad;ODS 10: Reducción de las desigualdades;Candela;female;gender-guesser
Universidad Autónoma de Madrid;TFG;Facultad de Psicología;Psicología;Programa de intervención para el tratamiento del duelo patológico en personas de la tercera edad;Scielzo Ortiz, Lucía;2024;https://repositorio.uam.es/handle/10486/713266;abstracts_uam_TFG\Programa_de_intervenci_n_para__2024_16200923.txt;"Duelo patológico; Pérdida; Aceptación; Personas mayores; Intervención; Pathological grief; Loss; Acceptance; Elderly people; Intervention";spa;Ciencias Sociales;psicologia;ODS 1: Fin de la pobreza;ODS 3: Salud y bienestar;Lucía;female;gender-guesser
Universidad Autónoma de Madrid;TFG;Facultad de Psicología;Psicología;Programa de intervención sobre el tiempo de juego libre y el nivel de interacción con estímulos con infantes diagnosticados con TEA;Fernández Gil, Javier;2024;https://repositorio.uam.es/handle/10486/715573;abstracts_uam_TFG\Programa_de_intervenci_n_sobre_2024_13466741.txt;"Juego; Interacción; Autismo; ABA; Desempeño; Playtime; Interaction; ASD; Performance";spa;Ciencias Sociales;psicologia;ODS 3: Salud y bienestar;ODS 4: Educación de calidad;Javier;male;gender-guesser
Universidad Autónoma de Madrid;TFG;Facultad de Psicología;Psicología;Programa de Rehabilitación de la Cognición Social (PRCS) en esquizofrenia en Unidades de Larga Estancia;Moruzi, Elena;2024;https://repositorio.uam.es/handle/10486/713289;abstracts_uam_TFG\Programa_de_Rehabilitaci_n_de__2024_92112076.txt;"Esquizofrenia; Cognición social; SCIT; TAR; Schizophrenia; Social cognition";spa;Ciencias Sociales;psicologia;ODS 3: Salud y bienestar;ODS 4: Educación de calidad;Elena;female;gender-guesser
Universidad Autónoma de Madrid;TFG;Facultad de Psicología;Psicología;Programa psicoeducativo grupal para adultos con trastorno de la conducta alimentaria;Castaño Esteban, Alicia;2023;https://repositorio.uam.es/handle/10486/708676;abstracts_uam_TFG\Programa_psicoeducativo_grupal_2023_74911054.txt;"Alexitimia; Entrevista motivacional; Terapia cognitivo conductual mejorada; Trastornos de la conducta alimentaria; Regulación emocional; Alexithymia; Motivational interviewing; Enhanced cognitive behavioral therapy; Eating disorders; Emotional regulation";spa;Ciencias Sociales;psicologia;ODS 3: Salud y bienestar;ODS 1: Fin de la pobreza;Alicia;female;gender-guesser
Universidad Autónoma de Madrid;TFG;Facultad de Psicología;Psicología;"Propuesta de intervención formativa basada en la metodología de ""fútbol más""";Ávila Piñuel, Raquel;2021;https://repositorio.uam.es/handle/10486/698403;abstracts_uam_TFG\Propuesta_de_intervenci_n_form_2021_85733633.txt;"Intervención formativa; Resiliencia; Habilidades para la vida; Comunidades sostenibles; Deporte para el Desarrollo";spa;Ciencias Sociales;psicologia;ODS 3: Salud y bienestar;ODS 17: Alianzas para lograr los objetivos;Raquel;female;gender-guesser
Universidad de Educación a Distancia (UNED);TFG;Facultades y escuelas::Facultad de Filosofía;Grado en Antropología Social y Cultural;Reapropiación, resignificación del territorio y el patrimonio en torno a los campos de lavanda;Villa Parejo, José Antonio;2022;https://e-spacio.uned.es/entities/publication/8d3201ab-0e5f-49d5-ba91-f6ce416e9e86/full;abstracts\Reapropiaci_n__resignificaci_n_2022_16504061.txt;identidad, territorio, reapropiación, resignificación, hitos, simbolismo, raíces culturales, turismo;es;Ciencias Sociales;grado en antropologia social y cultural;ODS 15: Vida de ecosistemas terrestres;ODS 11: Ciudades y comunidades sostenibles;José;male;gender-guesser
Universidad Autónoma de Madrid;TFG;Facultad de Psicología;Psicología;Reconstruyendo la Oficina Virtual para el Talento Junior: teletrabajo y aislamiento profesional;Barbero Parras, Sara;2024;https://repositorio.uam.es/handle/10486/715296;abstracts_uam_TFG\Reconstruyendo_la_Oficina_Virt_2024_7080709.txt;"Teletrabajo; E-workers junior; Aislamiento profesional; Compromiso organizacional afectivo; Teleworking; Junior e-workers; Professional isolation; Affective organizational commitment";spa;Ciencias Sociales;psicologia;ODS 9: Industria, innovación e infraestructura;ODS 17: Alianzas para lograr los objetivos;Sara;female;gender-guesser
Universidad de Educación a Distancia (UNED);TFG;Facultades y escuelas::Facultad de Ciencias Políticas y Sociología;Grado en Sociología;Resistencias a macroproyectos fotovoltaicos en el rural valenciano. Una aproximación desde el extractivismo y el análisis estructural;Pardo Simón, Daniel;2023;https://e-spacio.uned.es/entities/publication/7c2fe707-844e-40ed-9ed2-14128aad6eea/full;abstracts\Resistencias_a_macroproyectos__2023_15704228.txt;extractivismo, neoextractivismo, extractivismo verde, rural-urbano, rural valenciano, movimientos defensa territorio, ecologísmo, análisis estructural;es;Ciencias Sociales;grado en sociologia;ODS 13: Acción por el clima;ODS 11: Ciudades y comunidades sostenibles;Daniel;male;gender-guesser
Universidad Autónoma de Madrid;TFG;Facultad de Psicología;Psicología;Sugestión y dibujo: efectos en el recuerdo episódico infantil;Alonso Fernández, María;2023;https://repositorio.uam.es/handle/10486/708544;abstracts_uam_TFG\Sugesti_n_y_dibujo__efectos_en_2023_80134073.txt;"Dibujo; Sugestión; Recuerdo episódico; Preescolares; Drawing; Suggestion; Episodic recall; Preschoolers";spa;Ciencias Sociales;psicologia;ODS 4: Educación de calidad;ODS 5: Igualdad de género;María;female;gender-guesser
Universidad de Educación a Distancia (UNED);TFG;Facultades y escuelas::Facultad de Filosofía;Grado en Filosofía;Teorías cuánticas de la consciencia: breve aproximación histórica;Huerta Castillo, Israel;2023;https://e-spacio.uned.es/entities/publication/b817ed75-9b2e-4c7b-a589-db679ff4b2a5/full;abstracts\Teor_as_cu_nticas_de_la_consci_2023_78545831.txt;mente-materia, filosofía de la mente, neurociencia, química, biología, psicología, ciencias cognitivas, física cuántica, consciencia, analogía neurocuántica, mind-matter, philosophy of mind, neuroscience, chemistry, biology;es;Ciencias Sociales;grado en filosofia;ODS 13: Acción por el clima;ODS 15: Vida de ecosistemas terrestres;Israel;male;gender-guesser
Universidad Autónoma de Madrid;TFG;Facultad de Psicología;Psicología;Trastorno de identidad disociativo: ¿es posible la integración de la identidad?;Patier Pérez, Jorge;2022;https://repositorio.uam.es/handle/10486/706674;abstracts_uam_TFG\Trastorno_de_identidad_disocia_2022_42246500.txt;"Trastorno de identidad disociativo; Estudio de caso; Tratamiento psicológico; Integración; Dissociative identity disorder; Case report; Psychotherapy; Integration";spa;Ciencias Sociales;psicologia;ODS 3: Salud y bienestar;ODS 5: Igualdad de género;Jorge;male;gender-guesser
Universidad Autónoma de Madrid;TFG;Facultad de Psicología;Psicología;Una aproximación desde el modelo lingüístico computacional LSA para explicar el paradigma Deese–Roediger–McDermott;Olmo Encabo, Pablo del;2021;https://repositorio.uam.es/handle/10486/698404;abstracts_uam_TFG\Una_aproximaci_n_desde_el_mode_2021_9682646.txt;"Análisis semántico latente; DRM; conocimiento conceptual; modelado informático; psicología cognitiva; lingüística computacional";spa;Ciencias Sociales;psicologia;ODS 3: Salud y bienestar;ODS 17: Alianzas para lograr los objetivos;Pablo;male;gender-guesser
Universidad Autónoma de Madrid;TFG;Facultad de Psicología;Psicología;Una aproximación ontogenética a la experiencia estética: de la supervivencia a la vivencia estética;Merino Muñoz, Julia;2024;https://repositorio.uam.es/handle/10486/713429;abstracts_uam_TFG\Una_aproximaci_n_ontogen_tica__2024_24043569.txt;"Experiencia estética; Ontogénesis; Ficción; Identidad; Cultura; Aesthetic experience; Ontogeny; Fiction; Identity; Culture";spa;Ciencias Sociales;psicologia;ODS 15: Vida de ecosistemas terrestres;ODS 13: Acción por el clima;Julia;female;gender-guesser
Universidad de Educación a Distancia (UNED);TFG;Facultades y escuelas::Facultad de Filosofía;Grado en Antropología Social y Cultural;Urbanismo, Diversidad Funcional Física y Urbana. Aproximación a las intersecciones en el espacio público entre el diseño urbanístico, las personas con discapacidad física y lo urbano en Nou Barris, Barcelona, 2021;Momblant Momblant, Martín;2021;https://e-spacio.uned.es/entities/publication/9c8b8d74-29b2-41b6-a1d4-7199adb3436a/full;abstracts\Urbanismo__Diversidad_Funciona_2021_89910398.txt;diversidad funcional, urbanismo, urbano, exclusión, estructura, disabilities, urban planning, urban, social exclusion, structure;es;Ciencias Sociales;grado en antropologia social y cultural;ODS 11: Ciudades y comunidades sostenibles;ODS 15: Vida de ecosistemas terrestres;Martín;male;gender-guesser
Universidad de Educación a Distancia (UNED);TFG;Facultades y escuelas::Facultad de Filosofía;Grado en Antropología Social y Cultural;Urbanizar en domingo: la construcción social del barrio de Roquetes;López Tomàs, Axel;2018;https://e-spacio.uned.es/entities/publication/970a4392-8896-4d2c-903d-ff6973f79912/full;abstracts\Urbanizar_en_domingo__la_const_2018_87806128.txt;;es;Ciencias Sociales;grado en antropologia social y cultural;ODS 11: Ciudades y comunidades sostenibles;ODS 1: Fin de la pobreza;Axel;male;gender-guesser
Universidad Autónoma de Madrid;TFG;Facultad de Psicología;Psicología;Voces del alumnado extranjero: un estudio sobre la experiencia en aulas de enlace y su transición a las aulas ordinarias;Álvarez Lasso, Sergio;2024;https://repositorio.uam.es/handle/10486/713089;abstracts_uam_TFG\Voces_del_alumnado_extranjero__2024_83283502.txt;"Educación inclusiva; Propuesta de intervención; Estudiantes inmigrantes; Aulas de enlace";spa;Ciencias Sociales;psicologia;ODS 4: Educación de calidad;ODS 17: Alianzas para lograr los objetivos;Sergio;male;gender-guesser
Universidad Autónoma de Madrid;TFG;Facultad de Psicología;Psicología;¿Hacia la patologización del duelo? Antecedentes contextuales, aspectos clínicos e implicaciones;de Mora Solera, Lucía;2022;https://repositorio.uam.es/handle/10486/703862;abstracts_uam_TFG\_Hacia_la_patologizaci_n_del_d_2022_29374300.txt;"Duelo complicado; Patologización; Trastorno mental; Complicated grief; Pathologization; Mental disorder";spa;Ciencias Sociales;psicologia;ODS 1: Fin de la pobreza;ODS 3: Salud y bienestar;Lucía;female;gender-guesser
Universidad Autónoma de Madrid;TFG;Facultad de Psicología;Psicología;“JugueTea” Programa de patio dinámico para un centro de educación especial para personas con TEA;Paniego Fernández, Vanesa;2024;https://repositorio.uam.es/handle/10486/714887;abstracts_uam_TFG\_JugueTea__Programa_de_patio_d_2024_67412556.txt;"Trastorno del espectro autista (TEA); Educación especial; Programa de patio; Habilidades de juego; Habilidades sociales; Autism Spectrum Disorder (ASD); Special education; Playground program; Play skills; Social skills";spa;Ciencias Sociales;psicologia;ODS 4: Educación de calidad;ODS 3: Salud y bienestar;Vanesa;female;gender-guesser
Universidad Autónoma de Madrid;TFG;Facultad de Psicología;Psicología;“Mens sana, corpore sano”: Efectos de la neuromodulación y el ejercicio físico en mayores de 65;Molina Carrillo, Carla;2024;https://repositorio.uam.es/handle/10486/713296;abstracts_uam_TFG\_Mens_sana__corpore_sano___Efe_2024_87351663.txt;"Funciones ejecutivas; TDCS; Entrenamiento físico; Envejecimiento; Executive functions; Physical training; Healthy elderly";spa;Ciencias Sociales;psicologia;ODS 3: Salud y bienestar;ODS 10: Reducción de las desigualdades;Carla;female;gender-guesser
