Universidad;Tipo Titulacion;Facultad;titulacion;Título;Autor;Año;URL;Archivo Abstract;Palabras Clave;Idioma Abstract;Categoria;titulacion_normalizada;ODS 1;ODS 2;Nombre evaluado;Género inferido;Fuente de género
Universidad de Educación a Distancia (UNED);TFG;Facultades y escuelas::Facultad de Filología;Grado en Estudios Ingleses: Lengua, Literatura y Cultura;Acquisition and learning of language and art as human conceptualizations of the world;Monteagudo González, Eduardo;2024;https://e-spacio.uned.es/entities/publication/e011b438-a6f7-4a7f-adb5-6ed858b50872/full;abstracts\Acquisition_and_learning_of_la_2024_83497912.txt;cognitive linguistics, embodiment theory, cross modality information transfer, Idealised Cognitive Models, foreign language teaching, arts integration;en;Filologías;grado en estudios ingleses: lengua, literatura y cultura;ODS 9: Industria, innovación e infraestructura;ODS 5: Igualdad de género;Eduardo;male;gender-guesser
Universidad de Educación a Distancia (UNED);TFG;Facultades y escuelas::Facultad de Filología;Grado en Estudios Ingleses: Lengua, Literatura y Cultura;Algunas hipótesis sobre el origen y la adquisición del lenguaje a partir de la Gramática Universal de Noam Chomsky;Roca Ramon, Aïda;2016;https://e-spacio.uned.es/entities/publication/8a8f45dc-924c-4be7-9646-cbfc43ab0335/full;abstracts\Algunas_hip_tesis_sobre_el_ori_2016_33646284.txt;;es;Filologías;grado en estudios ingleses: lengua, literatura y cultura;ODS 4: Educación de calidad;ODS 13: Acción por el clima;Aïda;female;gender-guesser
Universidad de Educación a Distancia (UNED);TFG;Facultades y escuelas::Facultad de Filología;Grado en Estudios Ingleses: Lengua, Literatura y Cultura;Analysis of the use of the masculine rule in general Acts from India during the Second Semester of 2021;Martínez Escobosa, Carolina;2022;https://e-spacio.uned.es/entities/publication/19377948-8600-4962-b499-a2d50a8c313e/full;abstracts\Analysis_of_the_use_of_the_mas_2022_71125461.txt;Masculine rule, Indian General Acts, sexist language, Legal English, ESP;en;Filologías;grado en estudios ingleses: lengua, literatura y cultura;ODS 5: Igualdad de género;ODS 13: Acción por el clima;Carolina;female;gender-guesser
Universidad de Educación a Distancia (UNED);TFG;Facultades y escuelas::Facultad de Filología;Grado en Estudios Ingleses: Lengua, Literatura y Cultura;Analysis on the subtitling and dubbing of English-Spanish translation of teen slang. The case of “Euphoria”;Domenech Fernández, Paola;2020;https://e-spacio.uned.es/entities/publication/53a1c60b-cfb7-4e88-9596-d16e2528211a/full;abstracts\Analysis_on_the_subtitling_and_2020_1564677.txt;traducción audiovisual, subtitulación, doblaje, técnicas de traducción, variación lingüística, lenguaje juvenil, audiovisual translation, subtitling, dubbing, translation techniques, linguistic variation, teen slang;en;Filologías;grado en estudios ingleses: lengua, literatura y cultura;ODS 13: Acción por el clima;ODS 4: Educación de calidad;Paola;female;gender-guesser
Universidad de Educación a Distancia (UNED);TFG;Facultades y escuelas::Facultad de Filología;Grado en Estudios Ingleses: Lengua, Literatura y Cultura;Análisis etimológico de la influencia del francés sobre el inglés a través del soneto;Peral Pérez, Juan José del;2015;https://e-spacio.uned.es/entities/publication/8120b324-5490-4eac-ab07-1a54ea670fb9/full;abstracts\An_lisis_etimol_gico_de_la_inf_2015_3095146.txt;etimología, diacronía, inglés, francés, soneto;es;Filologías;grado en estudios ingleses: lengua, literatura y cultura;ODS 4: Educación de calidad;ODS 1: Fin de la pobreza;Juan;male;gender-guesser
Universidad de Educación a Distancia (UNED);TFG;Facultades y escuelas::Facultad de Filología;Grado en Estudios Ingleses: Lengua, Literatura y Cultura;Are you stark mad? Ferdinand’s Madness in The Duchess Of Malfi;Fraga Sanjurjo, María Mercedes;2021;https://e-spacio.uned.es/entities/publication/0b2f793a-ecdb-47d8-9c8f-6c889a5e33b2/full;abstracts\Are_you_stark_mad__Ferdinand_s_2021_6788143.txt;The Duchess of Malfi, Ferdinand, the Duchess, appearance and reality, madness;en;Filologías;grado en estudios ingleses: lengua, literatura y cultura;ODS 14: Vida submarina;ODS 5: Igualdad de género;María;female;gender-guesser
Universidad de Educación a Distancia (UNED);TFG;Facultades y escuelas::Facultad de Filología;Grado en Estudios Ingleses: Lengua, Literatura y Cultura;Audiovisual translation. Dubbing and subtitling humour in the BBC TV series Bottom;Rey, Synnöve Solbakken del;2022;https://e-spacio.uned.es/entities/publication/3ae68526-f6f3-4ba8-aefa-d9759da7d572/full;abstracts\Audiovisual_translation__Dubbi_2022_80691701.txt;audiovisual translation, humour, dubbing, cultural references, irony;en;Filologías;grado en estudios ingleses: lengua, literatura y cultura;ODS 4: Educación de calidad;ODS 1: Fin de la pobreza;Synnöve;female;gender-guesser
Universidad de Educación a Distancia (UNED);TFG;Facultades y escuelas::Facultad de Filología;Grado en Estudios Ingleses: Lengua, Literatura y Cultura;Aunt Lydia´s Narrative Voice in Margaret Atwood's The Testaments;Lara Ragel, Lorena;2021;https://e-spacio.uned.es/entities/publication/5af99719-a297-4285-bc86-977bf084439d/full;abstracts\Aunt_Lydia_s_Narrative_Voice_i_2021_72734556.txt;Margaret Atwood, The Testaments, narrative voice, memory, power, justice, dystopian fiction;en;Filologías;grado en estudios ingleses: lengua, literatura y cultura;ODS 4: Educación de calidad;ODS 13: Acción por el clima;Lorena;female;gender-guesser
Universidad de Educación a Distancia (UNED);TFG;Facultades y escuelas::Facultad de Filología;Grado en Estudios Ingleses: Lengua, Literatura y Cultura;Autobiografía de Rojo de Anne Carson: la Gerioneida de Estesícoro desde la perspectiva de la Recepción Clásica.;Martín Morales, Paula;2021;https://e-spacio.uned.es/entities/publication/1debba95-b6f3-47d7-a94a-cf716b18a60b/full;abstracts\Autobiografi_a_de_Rojo_de_Anne_2021_25161076.txt;Anne Carson, Estesícoro, autobiografía de Rojo, Gerioneida, recepción clásica, Stesichorus, autobiography of Red, Geryoneis, classical reception;es;Filologías;grado en estudios ingleses: lengua, literatura y cultura;ODS 13: Acción por el clima;ODS 15: Vida de ecosistemas terrestres;Paula;female;gender-guesser
Universidad de Educación a Distancia (UNED);TFG;Facultades y escuelas::Facultad de Filología;Grado en Estudios Ingleses: Lengua, Literatura y Cultura;Awakening and development of the Irish female self through mother-daughter relationships in Edna O´Brien´s “The Country Girls Trilogy”;Varela Aller, Verónica;2020;https://e-spacio.uned.es/entities/publication/b9401605-8e58-4755-b0d5-689c46ec5326/full;abstracts\Awakening_and_development_of_t_2020_24856070.txt;Edna O´Brien, 1950s Ireland´s context, female identity, motherhood institution, mother-daughter relationship;en;Filologías;grado en estudios ingleses: lengua, literatura y cultura;ODS 5: Igualdad de género;ODS 1: Fin de la pobreza;Verónica;female;gender-guesser
Universidad de Educación a Distancia (UNED);TFG;Facultades y escuelas::Facultad de Filología;Grado en Estudios Ingleses: Lengua, Literatura y Cultura;"A Comparative Analysis of the Motives behind the Female Suicides in ""King Lear"" by William Shakespeare and ""The Awakening"" by Kate Chopin";McNair Wilson, Robert Clifford;2016;https://e-spacio.uned.es/entities/publication/079fd42b-8bad-4124-beb5-cd97d1108afc/full;abstracts\A_Comparative_Analysis_of_the__2016_99233788.txt;;en;Filologías;grado en estudios ingleses: lengua, literatura y cultura;ODS 5: Igualdad de género;ODS 1: Fin de la pobreza;Robert;male;gender-guesser
Universidad de Educación a Distancia (UNED);TFG;Facultades y escuelas::Facultad de Filología;Grado en Estudios Ingleses: Lengua, Literatura y Cultura;A female voice in old english poetry: study of conceptual metaphors, metonymies and image schemas in Wulf And Eadwacer;González García, Marta;2021;https://e-spacio.uned.es/entities/publication/3060caa1-553d-4be4-bc0e-254120b50ba2/full;abstracts\A_female_voice_in_old_english__2021_53007124.txt;Wulf and Eadwacer, gender, conceptual metaphors, metonymies, image schemas;en;Filologías;grado en estudios ingleses: lengua, literatura y cultura;ODS 5: Igualdad de género;ODS 4: Educación de calidad;Marta;female;gender-guesser
Universidad de Educación a Distancia (UNED);TFG;Facultades y escuelas::Facultad de Filología;Grado en Estudios Ingleses: Lengua, Literatura y Cultura;A new voice for sycorax: ultima in Rudolfo Anaya’s, Bless Me, Ultima;Bonastre Maneu, Meritxell;2021;https://e-spacio.uned.es/entities/publication/04b33135-39d2-4d93-b42b-f836a582a982/full;abstracts\A_new_voice_for_sycorax__ultim_2021_28492234.txt;decolonial feminism, Sycorax, bruja, curandera, Rudolfo Anaya;en;Filologías;grado en estudios ingleses: lengua, literatura y cultura;ODS 5: Igualdad de género;ODS 16: Paz, justicia e instituciones sólidas;Meritxell;female;manual
Universidad de Educación a Distancia (UNED);TFG;Facultades y escuelas::Facultad de Filología;Grado en Estudios Ingleses: Lengua, Literatura y Cultura;"A quantitative analysis of the evolution of French lexicon in ""The Peterborough Chronicle""";Moreno Golvano, Carolina;2020;https://e-spacio.uned.es/entities/publication/4a39fe19-3037-40c3-9b41-05efb015b2e1/full;abstracts\A_quantitative_analysis_of_the_2020_16526679.txt;Old English, The Peterborough Chronicle, French, lexicon, diachrony;en;Filologías;grado en estudios ingleses: lengua, literatura y cultura;ODS 4: Educación de calidad;ODS 9: Industria, innovación e infraestructura;Carolina;female;gender-guesser
Universidad de Educación a Distancia (UNED);TFG;Facultades y escuelas::Facultad de Filología;Grado en Estudios Ingleses: Lengua, Literatura y Cultura;A River the Colour of Lead. British Social Realism of the 1950s and 1960s: A Common Ground for Kitchen Sink Cinema and The Smiths’ Work;Gómez Reverte, Mónica;2021;https://e-spacio.uned.es/entities/publication/191a405f-d224-48a8-876d-ebf00988ccb8/full;abstracts\A_River_the_Colour_of_Lead__Br_2021_51816341.txt;A Taste of Honey, British Social Realism, Kitchen Sink, Shelagh Delaney, The Smiths;en;Filologías;grado en estudios ingleses: lengua, literatura y cultura;ODS 1: Fin de la pobreza;ODS 12: Producción y consumo responsables;Mónica;female;gender-guesser
Universidad de Educación a Distancia (UNED);TFG;Facultades y escuelas::Facultad de Filología;Grado en Estudios Ingleses: Lengua, Literatura y Cultura;A standardized approach to menu translations;Cardoso, Álvaro;2021;https://e-spacio.uned.es/entities/publication/9c82b617-d3b8-419c-99c4-ee9069aa3cb0/full;abstracts\A_standardized_approach_to_men_2021_34870474.txt;english for tourism, menu translation, culinary terms translation;en;Filologías;grado en estudios ingleses: lengua, literatura y cultura;ODS 2: Hambre cero y seguridad alimentaria;ODS 12: Producción y consumo responsables;Álvaro;male;gender-guesser
Universidad de Educación a Distancia (UNED);TFG;Facultades y escuelas::Facultad de Filología;Grado en Estudios Ingleses: Lengua, Literatura y Cultura;Bilingual education in Spain;Baillie, Darren Lee;2019;https://e-spacio.uned.es/entities/publication/2bfbcb3c-d1b3-4c0c-b2f2-6eea57687951/full;abstracts\Bilingual_education_in_Spain_2019_46686955.txt;CLIL, implementation, multilingual education, linguistic policy, teachers’ perspectives;en;Filologías;grado en estudios ingleses: lengua, literatura y cultura;ODS 4: Educación de calidad;ODS 9: Industria, innovación e infraestructura;Darren;male;gender-guesser
Universidad de Educación a Distancia (UNED);TFG;Facultades y escuelas::Facultad de Filología;Grado en Estudios Ingleses: Lengua, Literatura y Cultura;Black Humour and Postmodernism in Kurt Vonnegut’s Slaughterhouse-Five;Ciornei, George Bogdan;2021;https://e-spacio.uned.es/entities/publication/514103fd-113b-47eb-97de-29c0af031392/full;abstracts\Black_Humour_and_Postmodernism_2021_79598225.txt;black humour, postmodernism, Kurt Vonnegut, US literature;en;Filologías;grado en estudios ingleses: lengua, literatura y cultura;ODS 4: Educación de calidad;ODS 2: Hambre cero y seguridad alimentaria;George;male;gender-guesser
Universidad de Educación a Distancia (UNED);TFG;Facultades y escuelas::Facultad de Filología;Grado en Estudios Ingleses: Lengua, Literatura y Cultura;Britain’s Terra Nullius: A Historical and Cultural Study of Aboriginal Australia through Sally Morgan’s My Place and Robert Hughes’ The Fatal Shore;Press, Imogen;2021;https://e-spacio.uned.es/entities/publication/a6d556c8-ca6e-47b4-ade4-1dd6a2e63913/full;abstracts\Britain_s_Terra_Nullius__A_His_2021_28358031.txt;Aboriginal ustralians, british colonialism, culture and identity, postcolonial literature, australian history;en;Filologías;grado en estudios ingleses: lengua, literatura y cultura;ODS 15: Vida de ecosistemas terrestres;ODS 1: Fin de la pobreza;Imogen;female;gender-guesser
Universidad de Educación a Distancia (UNED);TFG;Facultades y escuelas::Facultad de Filología;Grado en Estudios Ingleses: Lengua, Literatura y Cultura;Characteristics of post-postmodernism in David Foster Wallace’s short fiction;Vandevyvere, Jens Silveer R.;2020;https://e-spacio.uned.es/entities/publication/9214e1cc-9967-4d31-926f-0dce91bfb265/full;abstracts\Characteristics_of_post-postmo_2020_61684345.txt;David Foster Wallace, (post-)postmodernism, “Westward the Course of Empire Takes its Way”, “Octet”, “Good Old Neon”;en;Filologías;grado en estudios ingleses: lengua, literatura y cultura;ODS 9: Industria, innovación e infraestructura;ODS 13: Acción por el clima;Jens;male;gender-guesser
Universidad de Educación a Distancia (UNED);TFG;Facultades y escuelas::Facultad de Filología;Grado en Estudios Ingleses: Lengua, Literatura y Cultura;Comparative Analysis of Terminology and Phraseology used in Technical Reports and Media coverage of Boeing 737 – MAX incidents from 2018 to 2024;Bautista Brandao, Danilo;2024;https://e-spacio.uned.es/entities/publication/02de9ee0-a686-4d34-8de5-2733742ddeec/full;abstracts\Comparative_Analysis_of_Termin_2024_73281242.txt;aviation incidents, terminology, phraseology, Boeing Max, Specialized and General Texts;en;Filologías;grado en estudios ingleses: lengua, literatura y cultura;ODS 4: Educación de calidad;ODS 9: Industria, innovación e infraestructura;Danilo;male;gender-guesser
Universidad de Educación a Distancia (UNED);TFG;Facultades y escuelas::Facultad de Filología;Grado en Estudios Ingleses: Lengua, Literatura y Cultura;Data-Driven Learning in the Context of the EFL Classroom: A Systematic Review for the Period 2016-2019;García Vicuña, Aida;2020;https://e-spacio.uned.es/entities/publication/21e4d8b0-7d23-4fae-9733-242ca4ec6476/full;abstracts\Data-Driven_Learning_in_the_Co_2020_88724354.txt;DDL, corpora, EFL, second language learning, systematic review;en;Filologías;grado en estudios ingleses: lengua, literatura y cultura;ODS 4: Educación de calidad;ODS 13: Acción por el clima;Aida;female;gender-guesser
Universidad de Educación a Distancia (UNED);TFG;Facultades y escuelas::Facultad de Filología;Grado en Estudios Ingleses: Lengua, Literatura y Cultura;Diachronic translation of poems of devotion: “The Exodus”;Tinedo Rodríguez, Antonio Jesús;2020;https://e-spacio.uned.es/entities/publication/d168e017-d57d-4abb-a291-62ec15e2dca8/full;abstracts\Diachronic_translation_of_poem_2020_90377679.txt;old english, diachronic translation, anglo-saxon literature, poetry, metaphor;en;Filologías;grado en estudios ingleses: lengua, literatura y cultura;ODS 15: Vida de ecosistemas terrestres;ODS 13: Acción por el clima;Antonio;male;gender-guesser
Universidad de Educación a Distancia (UNED);TFG;Facultades y escuelas::Facultad de Filología;Grado en Estudios Ingleses: Lengua, Literatura y Cultura;Difficulties and strategies for the translation of humour: a case study;Fors Soriano, Gemma;2013;https://e-spacio.uned.es/entities/publication/a50b4738-33d3-4bb8-8e18-4185fa08fbd7/full;abstracts\Difficulties_and_strategies_fo_2013_11474790.txt;;en;Filologías;grado en estudios ingleses: lengua, literatura y cultura;ODS 4: Educación de calidad;ODS 16: Paz, justicia e instituciones sólidas;Gemma;female;gender-guesser
Universidad de Educación a Distancia (UNED);TFG;Facultades y escuelas::Facultad de Filología;Grado en Estudios Ingleses: Lengua, Literatura y Cultura;Downton Abbey’s view on the role of women during the first world war and its aftermath;Artero Fernández, María José;2019;https://e-spacio.uned.es/entities/publication/9cffebba-5e90-478b-a9c1-106908c3c805/full;abstracts\Downton_Abbey_s_view_on_the_ro_2019_44558269.txt;First World War, Downton Abbey, women, medical work, change, suffragists, enfranchisement;en;Filologías;grado en estudios ingleses: lengua, literatura y cultura;ODS 5: Igualdad de género;ODS 3: Salud y bienestar;María;female;gender-guesser
Universidad de Educación a Distancia (UNED);TFG;Facultades y escuelas::Facultad de Filología;Grado en Estudios Ingleses: Lengua, Literatura y Cultura;Dysfunctional family relationships in Truman Capote’s in Cold Blood;Dratva, Frantisek;2021;https://e-spacio.uned.es/entities/publication/68bdd554-19a2-4b49-93ca-03718f9eceff/full;abstracts\Dysfunctional_family_relations_2021_37006072.txt;dysfunctional family relationships, in Cold Blood, Truman Capote;en;Filologías;grado en estudios ingleses: lengua, literatura y cultura;ODS 3: Salud y bienestar;ODS 1: Fin de la pobreza;Frantisek;male;manual
Universidad de Educación a Distancia (UNED);TFG;Facultades y escuelas::Facultad de Filología;Grado en Estudios Ingleses: Lengua, Literatura y Cultura;Elizabethan and Jacobean stage space;Benítez Domínguez, Francisco Javier;2023;https://e-spacio.uned.es/entities/publication/4883059b-6191-42d8-a9aa-ce452bcfbc55/full;abstracts\Elizabethan_and_Jacobean_stage_2023_72075524.txt;stage space, Elizabethan and Jacobean theatre, Shakespeare, The Globe, popular theatre;en;Filologías;grado en estudios ingleses: lengua, literatura y cultura;ODS 16: Paz, justicia e instituciones sólidas;ODS 4: Educación de calidad;Francisco;male;gender-guesser
Universidad de Educación a Distancia (UNED);TFG;Facultades y escuelas::Facultad de Filología;Grado en Lengua y Literatura Españolas;El hombre que había olvidado, de Droguett, como novela precursora del antidetectivesco en América Latina;Mehdaoui El Menssouri, Soukaina;2023;https://e-spacio.uned.es/entities/publication/35660d9d-750f-4517-b7cb-e2d443232533/full;abstracts\El_hombre_que_hab_a_olvidado___2023_29338795.txt;Carlos Droguett, El hombre que había olvidado, novela antidetectivesca, escritura autoconsciente, parodia, historia, memoria, compromiso con Hispanoamérica;es;Filologías;grado en lengua y literatura espanolas;ODS 13: Acción por el clima;ODS 14: Vida submarina;Soukaina;female;manual
Universidad de Educación a Distancia (UNED);TFG;Facultades y escuelas::Facultad de Filología;Grado en Estudios Ingleses: Lengua, Literatura y Cultura;El Inglés como lengua-puente para la comprensión de textos en Alemán;Fernández Tostado Galloso, Jesús;2021;https://e-spacio.uned.es/entities/publication/3742a803-56d6-4d07-a57e-f711c6219c25/full;abstracts\El_Ingl_s_como_lengua-puente_p_2021_75131371.txt;adquisición lingüística, comparación inglés-alemán, plurilingüismo receptivo, EuroComGerm, language acquisition, English-German comparison, receptive multilingualism;es;Filologías;grado en estudios ingleses: lengua, literatura y cultura;ODS 4: Educación de calidad;ODS 13: Acción por el clima;Jesús;male;gender-guesser
Universidad de Educación a Distancia (UNED);TFG;Facultades y escuelas::Facultad de Filología;Grado en Lengua y Literatura Españolas;"El lenguaje como herramienta de subversión en ""Lectura fácil"", de Cristina Morales";García Soriano, Beatriz;2022;https://e-spacio.uned.es/entities/publication/10da0d53-229b-4a34-b977-6677b2d4bb1b/full;abstracts\El_lenguaje_como_herramienta_d_2022_67411150.txt;Cristina Morales, lectura fácil, novela de la crisis, politización, opresión, discapacidad, discurso oficial, lenguaje, antirretórica, subjetividad, oralidad, intermedialidad;es;Filologías;grado en lengua y literatura espanolas;ODS 1: Fin de la pobreza;ODS 16: Paz, justicia e instituciones sólidas;Beatriz;female;gender-guesser
Universidad de Educación a Distancia (UNED);TFG;Facultades y escuelas::Facultad de Filología;Grado en Estudios Ingleses: Lengua, Literatura y Cultura;El sexismo lingüístico: un análisis de la lengua italiana y la lengua inglesa desde un enfoque feminista y de género;Casado Estévez, Andrea;2021;https://e-spacio.uned.es/entities/publication/043a1234-1ca0-4014-8aae-5f45260f05a5/full;abstracts\El_sexismo_ling__stico__un_an__2021_68424475.txt;feminismo, género, lengua inglesa, lengua italiana, sexismo lingüístico, feminism, gender, English language, Italian language, linguistic sexism;es;Filologías;grado en estudios ingleses: lengua, literatura y cultura;ODS 5: Igualdad de género;ODS 4: Educación de calidad;Andrea;female;gender-guesser
Universidad de Educación a Distancia (UNED);TFG;Facultades y escuelas::Facultad de Filología;Grado en Lengua y Literatura Españolas;El verso compuesto en prosas profanas de Rubén Darío;Ruiz Reina, José Antonio;2018;https://e-spacio.uned.es/entities/publication/4cdbc57b-6e15-4541-b641-ec8c2ac960eb/full;abstracts\El_verso_compuesto_en_prosas_p_2018_19663729.txt;Verso compuesto, hemistiquio, pausa métrica, encabalgamiento, acento métrico, tipo rítmico, Modernismo;es;Filologías;grado en lengua y literatura espanolas;ODS 4: Educación de calidad;ODS 13: Acción por el clima;José;male;gender-guesser
Universidad de Educación a Distancia (UNED);TFG;Facultades y escuelas::Facultad de Filología;Grado en Estudios Ingleses: Lengua, Literatura y Cultura;Emotion in Humour, Humour in Emotion;Bussolari, Lee Ann;2015;https://e-spacio.uned.es/entities/publication/909ad223-0fa2-4900-9f91-6e47d8e26b5b/full;abstracts\Emotion_in_Humour__Humour_in_E_2015_11117259.txt;humour, feelings, emotion, history of humour, positive, negative;en;Filologías;grado en estudios ingleses: lengua, literatura y cultura;ODS 3: Salud y bienestar;ODS 4: Educación de calidad;Lee;male;gender-guesser
Universidad de Educación a Distancia (UNED);TFG;Facultades y escuelas::Facultad de Filología;Grado en Estudios Ingleses: Lengua, Literatura y Cultura;English and Spanish Prepositional Verbs: A comparative Analysis;Aguza Cubero, Carmen;2024;https://e-spacio.uned.es/entities/publication/77dac21f-7d39-4bea-9684-b54241515c57/full;abstracts\English_and_Spanish_Prepositio_2024_19495604.txt;prepositional verbs, contrastive analysis, error analysis, second language acquisition, teaching;en;Filologías;grado en estudios ingleses: lengua, literatura y cultura;ODS 4: Educación de calidad;ODS 12: Producción y consumo responsables;Carmen;female;gender-guesser
Universidad de Educación a Distancia (UNED);TFG;Facultades y escuelas::Facultad de Filología;Grado en Estudios Ingleses: Lengua, Literatura y Cultura;English, Catalan, and Spanish Vowels: Perceptual Proximity and Pronunciaton Difficulties;López Samit, Jaïr;2020;https://e-spacio.uned.es/entities/publication/a65833c6-6bb7-4e88-b643-bccd8b4f91ae/full;abstracts\English__Catalan__and_Spanish__2020_55709981.txt;L2 acquisition, pronunciation, perceptual proximity, Catalan vowels, English vowels, Spanish vowels;en;Filologías;grado en estudios ingleses: lengua, literatura y cultura;ODS 4: Educación de calidad;ODS 10: Reducción de las desigualdades;Jaïr;male;manual
Universidad de Educación a Distancia (UNED);TFG;Facultades y escuelas::Facultad de Filología;Grado en Estudios Ingleses: Lengua, Literatura y Cultura;Enhancement of Second and Fourth-Year ESO Students’ Comprehension of Specialized Vocabulary in Academic texts;Muñoz Crespo, Laura;2024;https://e-spacio.uned.es/entities/publication/cef40f3d-1dd7-4179-b853-bf10b471e310/full;abstracts\Enhancement_of_Second_and_Four_2024_63249833.txt;specialized vocabulary, academic texts, technological tools, socioeconomic background, comprehension acquisition;en;Filologías;grado en estudios ingleses: lengua, literatura y cultura;ODS 4: Educación de calidad;ODS 9: Industria, innovación e infraestructura;Laura;female;gender-guesser
Universidad de Educación a Distancia (UNED);TFG;Facultades y escuelas::Facultad de Filología;Grado en Estudios Ingleses: Lengua, Literatura y Cultura;Error analysis and feedback;Pacheco Plaza, Marina;2020;https://e-spacio.uned.es/entities/publication/d5beb4b7-668e-4c3e-9aea-9160c74d439e/full;abstracts\Error_analysis_and_feedback_2020_46582831.txt;error analysis, feedback, L2 English, L1 Spanish, errors;en;Filologías;grado en estudios ingleses: lengua, literatura y cultura;ODS 4: Educación de calidad;ODS 1: Fin de la pobreza;Marina;female;gender-guesser
Universidad de Educación a Distancia (UNED);TFG;Facultades y escuelas::Facultad de Filología;Grado en Estudios Ingleses: Lengua, Literatura y Cultura;ESP Course Design: English for Real Estate Agents;Guzmán Gárate, Íñigo;2016;https://e-spacio.uned.es/entities/publication/8fdaaab1-aae0-470c-a377-9be42cf5fe16/full;abstracts\ESP_Course_Design__English_for_2016_64806837.txt;English for Specific Purposes (ESP), Real Estate, ESP Course Design, needs analysis, specialist discourse, curriculum development, course materials, assessment, evaluation;en;Filologías;grado en estudios ingleses: lengua, literatura y cultura;ODS 4: Educación de calidad;ODS 13: Acción por el clima;Íñigo;male;gender-guesser
Universidad de Educación a Distancia (UNED);TFG;Facultades y escuelas::Facultad de Filología;Grado en Estudios Ingleses: Lengua, Literatura y Cultura;"Exploring Musical Patterns in the Structure of A. Burgess’s ""A Clockwork Orange""";Jiménez Rodríguez, Manuel Jesús;2016;https://e-spacio.uned.es/entities/publication/0567145e-8536-4ab5-80ed-343e1b7bb66a/full;abstracts\Exploring_Musical_Patterns_in__2016_19056984.txt;da capo aria, sonata, musical pattern, symmetric novel structure, music in literature;en;Filologías;grado en estudios ingleses: lengua, literatura y cultura;ODS 17: Alianzas para lograr los objetivos;ODS 13: Acción por el clima;Manuel;male;gender-guesser
Universidad de Educación a Distancia (UNED);TFG;Facultades y escuelas::Facultad de Filología;Grado en Estudios Ingleses: Lengua, Literatura y Cultura;Eyes and Ears for the Stream of Consciousness: Analysis of Colin Gregg’s Adaptation of Virginia Woolf’s To The Lighthouse;Soriano Muñoz, Diego;2022;https://e-spacio.uned.es/entities/publication/08cc2e45-2904-4d69-a276-705eabb6b010/full;abstracts\Eyes_and_Ears_for_the_Stream_o_2022_30242789.txt;stream of consciousness, adaptation, Virginia Woolf, Modernism, cinema;en;Filologías;grado en estudios ingleses: lengua, literatura y cultura;ODS 9: Industria, innovación e infraestructura;ODS 4: Educación de calidad;Diego;male;gender-guesser
Universidad de Educación a Distancia (UNED);TFG;Facultades y escuelas::Facultad de Filología;Grado en Estudios Ingleses: Lengua, Literatura y Cultura;"Feminism and future in Caryl Churchill’s ""Top Girls"": a chance for hope";Burguera Blay, Arantzazu;2016;https://e-spacio.uned.es/entities/publication/79c99702-5f79-4373-95ef-ec095f5321f6/full;abstracts\Feminism_and_future_in_Caryl_C_2016_32247929.txt;feminism, Thatcher, socialism, superwoman, sisterhood;en;Filologías;grado en estudios ingleses: lengua, literatura y cultura;ODS 5: Igualdad de género;ODS 1: Fin de la pobreza;Arantzazu;female;gender-guesser
Universidad de Educación a Distancia (UNED);TFG;Facultades y escuelas::Facultad de Filología;Grado en Estudios Ingleses: Lengua, Literatura y Cultura;Feminism, literature and theatre: Jane Eyre and Little Women on the stage;Iglesias Manrique, Irene;2022;https://e-spacio.uned.es/entities/publication/d250a924-7562-4458-9c5a-53693fd34f70/full;abstracts\Feminism__literature_and_theat_2022_27004271.txt;stage adaptation, Little Women, Jane Eyre, feminism, oppression;en;Filologías;grado en estudios ingleses: lengua, literatura y cultura;ODS 5: Igualdad de género;ODS 16: Paz, justicia e instituciones sólidas;Irene;female;gender-guesser
Universidad de Educación a Distancia (UNED);TFG;Facultades y escuelas::Facultad de Filología;Grado en Estudios Ingleses: Lengua, Literatura y Cultura;Foreignization in english-spanish audiovisual translation: a diachronic analysis of dubbing in the Star Wars’ saga;Lerma Villegas, Francisco Javier;2021;https://e-spacio.uned.es/entities/publication/17d415e8-6111-4d39-9d8b-0f0de84360d3/full;abstracts\Foreignization_in_english-span_2021_5152684.txt;audiovisual translation, Star Wars, foreignization, diachronic analysis, dubbing;en;Filologías;grado en estudios ingleses: lengua, literatura y cultura;ODS 4: Educación de calidad;ODS 9: Industria, innovación e infraestructura;Francisco;male;gender-guesser
Universidad de Educación a Distancia (UNED);TFG;Facultades y escuelas::Facultad de Filología;Grado en Estudios Ingleses: Lengua, Literatura y Cultura;Forhwi swā geornlice leorni gē? learning situations in the “colloquy on the occupations”;Moreno Girón, León;2024;https://e-spacio.uned.es/entities/publication/7b05ef18-77ab-41ce-ba80-ad7781447a83/full;abstracts\Forhwi_sw__geornlice_leorni_g__2024_49859612.txt;Ælfric, grammar teaching, OE, difficulty progression, glosses;es;Filologías;grado en estudios ingleses: lengua, literatura y cultura;ODS 4: Educación de calidad;ODS 16: Paz, justicia e instituciones sólidas;León;male;gender-guesser
Universidad de Educación a Distancia (UNED);TFG;Facultades y escuelas::Facultad de Filología;Grado en Estudios Ingleses: Lengua, Literatura y Cultura;Fostering creative writing in EFL classrooms;Acosta Ribot, Paula T.;2022;https://e-spacio.uned.es/entities/publication/5095dad4-699d-4e12-9ba8-579bc5a62f05/full;abstracts\Fostering_creative_writing_in__2022_53311295.txt;language creativity, language teaching, aesthetic/creative dimensions, educational development, pedagogical teaching, Bloom’s Taxonomy, learning improvements, EFL;en;Filologías;grado en estudios ingleses: lengua, literatura y cultura;ODS 4: Educación de calidad;ODS 9: Industria, innovación e infraestructura;Paula;female;gender-guesser
Universidad de Educación a Distancia (UNED);TFG;Facultades y escuelas::Facultad de Filología;Grado en Estudios Ingleses: Lengua, Literatura y Cultura;Framing the pandemic: A cognitive poetic approach to health communication;Gallego Bordallo, Ana;2022;https://e-spacio.uned.es/entities/publication/78e448ff-b95e-42f6-a658-12edb0e5c4a4/full;abstracts\Framing_the_pandemic__A_cognit_2022_34434178.txt;comunicación en el ámbito sanitario, lingüística cognitiva, metáforas conceptuales, marcos, health communication, cognitive linguistics, conceptual metaphors, framing;en;Filologías;grado en estudios ingleses: lengua, literatura y cultura;ODS 13: Acción por el clima;ODS 3: Salud y bienestar;Ana;female;gender-guesser
Universidad de Educación a Distancia (UNED);TFG;Facultades y escuelas::Facultad de Filología;Grado en Estudios Ingleses: Lengua, Literatura y Cultura;Greek and Latin influence on Edgar Allan Poe’s poetry;Serrano Fernández, Roberto;2020;https://e-spacio.uned.es/entities/publication/89d0b4db-59d7-4183-b460-df80e9d1a0ae/full;abstracts\Greek_and_Latin_influence_on_E_2020_82478839.txt;Edgar Allan Poe, poetry, Greco-Latin literature, literary influence;en;Filologías;grado en estudios ingleses: lengua, literatura y cultura;ODS 4: Educación de calidad;ODS 9: Industria, innovación e infraestructura;Roberto;male;gender-guesser
Universidad de Educación a Distancia (UNED);TFG;Facultades y escuelas::Facultad de Filología;Grado en Estudios Ingleses: Lengua, Literatura y Cultura;Gricean Cooperative Principle and Barack Obama speeches. A case study;Ruiz Figueroa, Miguel Ángel;2016;https://e-spacio.uned.es/entities/publication/1f8d9771-4647-4756-8929-2d2619e219f0/full;abstracts\Gricean_Cooperative_Principle__2016_37802890.txt;Cooperative Principle, maxims, political speeches, violations;en;Filologías;grado en estudios ingleses: lengua, literatura y cultura;ODS 13: Acción por el clima;ODS 4: Educación de calidad;Miguel;male;gender-guesser
Universidad de Educación a Distancia (UNED);TFG;Facultades y escuelas::Facultad de Filología;Grado en Estudios Ingleses: Lengua, Literatura y Cultura;Grice’s Cooperative Principle in “Top Girls” by Caryl Churchill;Rodríguez Jiménez, Jonatan;2019;https://e-spacio.uned.es/entities/publication/65a11759-7c4d-465d-b691-219528710d0f/full;abstracts\Grice_s_Cooperative_Principle__2019_69990656.txt;;en;Filologías;grado en estudios ingleses: lengua, literatura y cultura;ODS 5: Igualdad de género;ODS 17: Alianzas para lograr los objetivos;Jonatan;male;manual
Universidad de Educación a Distancia (UNED);TFG;Facultades y escuelas::Facultad de Filología;Grado en Estudios Ingleses: Lengua, Literatura y Cultura;Haunted minds gather at Hill House: applying studies of implicature to Shirley Jackson's novel;Gómez López, Francisco Javier;2023;https://e-spacio.uned.es/entities/publication/0bb6782b-403a-4d21-ace5-637a167119f1/full;abstracts\Haunted_minds_gather_at_Hill_H_2023_45303497.txt;Pragmatics, implicature, Grice, Jackson, Hill House;en;Filologías;grado en estudios ingleses: lengua, literatura y cultura;ODS 13: Acción por el clima;ODS 4: Educación de calidad;Francisco;male;gender-guesser
Universidad de Educación a Distancia (UNED);TFG;Facultades y escuelas::Facultad de Filología;Grado en Estudios Ingleses: Lengua, Literatura y Cultura;Hawthorne “Bewitched”: Puritanism, Witchery and Supernatural Phenomena in Nathaniel Hawthorne’s Fiction;González Criado, Almudena;2023;https://e-spacio.uned.es/entities/publication/16f65360-7726-4e2c-9639-65920fdd3bb3/full;abstracts\Hawthorne__Bewitched___Puritan_2023_20786003.txt;Hawthorne, Puritanism, Salem, witchcraft, devil, sin, supernatural phenomena;en;Filologías;grado en estudios ingleses: lengua, literatura y cultura;ODS 16: Paz, justicia e instituciones sólidas;ODS 15: Vida de ecosistemas terrestres;Almudena;female;gender-guesser
Universidad de Educación a Distancia (UNED);TFG;Facultades y escuelas::Facultad de Filología;Grado en Estudios Ingleses: Lengua, Literatura y Cultura;Humor and audiovisual translation: treatment of cultural references in american sitcoms over time. A case of study: Friends;Lima Paz, Laura;2024;https://e-spacio.uned.es/entities/publication/f2add0b7-5fc6-4a9d-a680-b3305bee4d80/full;abstracts\Humor_and_audiovisual_translat_2024_93832270.txt;AVT, humor, cultural reference, Friends, sitcom, dubbing, subtitling, joke, pun;en;Filologías;grado en estudios ingleses: lengua, literatura y cultura;ODS 4: Educación de calidad;ODS 3: Salud y bienestar;Laura;female;gender-guesser
Universidad de Educación a Distancia (UNED);TFG;Facultades y escuelas::Facultad de Filología;Grado en Estudios Ingleses: Lengua, Literatura y Cultura;ICT and Jolly Phonics. A comparative study between England and Spain;Castro Vega, Mirian;2016;https://e-spacio.uned.es/entities/publication/2658bc73-e2cb-4a9f-8c4a-56b3800a6058/full;abstracts\ICT_and_Jolly_Phonics__A_compa_2016_3605370.txt;Jolly Phonics, ICT, bilingual education, English education, Spanish education;en;Filologías;grado en estudios ingleses: lengua, literatura y cultura;ODS 4: Educación de calidad;ODS 9: Industria, innovación e infraestructura;Mirian;female;gender-guesser
Universidad de Educación a Distancia (UNED);TFG;Facultades y escuelas::Facultad de Filología;Grado en Estudios Ingleses: Lengua, Literatura y Cultura;Images and metaphors in the translation of Federico García Lorca;Perales García, Evelin;2022;https://e-spacio.uned.es/entities/publication/2a230aad-7ac7-47c5-83fd-a3e4e1300195/full;abstracts\Images_and_metaphors_in_the_tr_2022_9712859.txt;Lorca, metaphors, translation of poetry, poetry, translation;en;Filologías;grado en estudios ingleses: lengua, literatura y cultura;ODS 4: Educación de calidad;ODS 16: Paz, justicia e instituciones sólidas;Evelin;female;gender-guesser
Universidad de Educación a Distancia (UNED);TFG;Facultades y escuelas::Facultad de Filología;Grado en Estudios Ingleses: Lengua, Literatura y Cultura;In dreams begin responsibilities Irish political influence on artistic expression. Comparative study of U2’s, Sunday Bloody Sunday, and W. B. Yeats, Easter 1916;Pañeda Vázquez Prada, Covadonga;2021;https://e-spacio.uned.es/entities/publication/328770d0-8288-4f7e-947c-7e7461053510/full;abstracts\In_dreams_begin_responsibiliti_2021_49545079.txt;W. B. Yeats, U2, artistic expression, political influence, Irish conflicts;en;Filologías;grado en estudios ingleses: lengua, literatura y cultura;ODS 13: Acción por el clima;ODS 17: Alianzas para lograr los objetivos;Covadonga;female;manual
Universidad de Educación a Distancia (UNED);TFG;Facultades y escuelas::Facultad de Filología;Grado en Estudios Ingleses: Lengua, Literatura y Cultura;"In the wilderness: a comparative study between Thoreau’s ""Walden"" and Wordsworth’s ""Prelude”";Matarranz Martínez , Guiomar;2020;https://e-spacio.uned.es/entities/publication/8a460d0f-c7f4-4640-82f7-4c5cd476bbfc/full;abstracts\In_the_wilderness__a_comparati_2020_71866206.txt;Thoreau, Wordsworth, nature, human being, wilderness;en;Filologías;grado en estudios ingleses: lengua, literatura y cultura;ODS 15: Vida de ecosistemas terrestres;ODS 13: Acción por el clima;Guiomar;female;gender-guesser
Universidad de Educación a Distancia (UNED);TFG;Facultades y escuelas::Facultad de Filología;Grado en Estudios Ingleses: Lengua, Literatura y Cultura;L2/L3 Interference in The L1 Production of Grammatical Subjects in Spanish, English and Basque;Solar Gaztañaga, Julen del;2023;https://e-spacio.uned.es/entities/publication/06a5ca63-c012-46b2-9fad-62bfd68b4937/full;abstracts\L2_L3_Interference_in_The_L1_P_2023_86166908.txt;Interference, language attrition, L1, L2, L3 Universal Grammar, principle and parameters theory, Basque, English, Spanish, grammatical subject, study case;en;Filologías;grado en estudios ingleses: lengua, literatura y cultura;ODS 4: Educación de calidad;ODS 10: Reducción de las desigualdades;Julen;male;gender-guesser
Universidad de Educación a Distancia (UNED);TFG;Facultades y escuelas::Facultad de Filología;Grado en Estudios Ingleses: Lengua, Literatura y Cultura;Latin Female Writers in the American Southwest. The Pride of Travelling to the Roots: Resistance and Experiences;Cuartero Arina, Raquel;2021;https://e-spacio.uned.es/entities/publication/4e31ff21-c4fb-4521-9e96-2d680226c2f9/full;abstracts\Latin_Female_Writers_in_the_Am_2021_53246855.txt;female writers, Chicano literature, gender discrimination, race discrimination, immigration in the US;en;Filologías;grado en estudios ingleses: lengua, literatura y cultura;ODS 5: Igualdad de género;ODS 13: Acción por el clima;Raquel;female;gender-guesser
Universidad de Educación a Distancia (UNED);TFG;Facultades y escuelas::Facultad de Filología;Grado en Lengua y Literatura Españolas;La alfabetización en tiempos de pandemia;Jiménez Fernández, Sofía;2021;https://e-spacio.uned.es/entities/publication/54aa18c4-a394-407f-a20f-74734f889f75/full;abstracts\La_alfabetizaci_n_en_tiempos_d_2021_21618616.txt;Alfabetización, Lectoescritura, Alfabetización de inmigrantes, Alfabetización de inmigrantes adultos, Niveles de alfabetización, Métodos de alfabetización, Alfabetización en España, Alfabetización en Suiza, LASLLIAM, Alfabetización en línea, Ejercicios online, Internet, Teléfono móvil;es;Filologías;grado en lengua y literatura espanolas;ODS 4: Educación de calidad;ODS 10: Reducción de las desigualdades;Sofía;female;gender-guesser
Universidad de Educación a Distancia (UNED);TFG;Facultad de Filología;Grado en Estudios Ingleses: Lengua, Literatura y Cultura;La historia de amor y desesperanza de Colin Clout a través de los modelos clásicos: la influencia de los temas de la bucólica clásica en la composición de The Shepheardes Calender de Edmund Spenser;Laguna López, Alejandro;2023;https://e-spacio.uned.es/entities/publication/4f553824-bacb-4e84-a91e-d99dd478e9d3/full;abstracts\La_historia_de_amor_y_desesper_2023_51312894.txt;poesía bucólica, Edmund Spenser, The Shepheardes Calender, tradición clásica, Virgilio, Teócrito, pastoral poetry, classical tradition, Virgil, Theocritus;es;Filologías;grado en estudios ingleses: lengua, literatura y cultura;ODS 13: Acción por el clima;ODS 15: Vida de ecosistemas terrestres;Alejandro;male;gender-guesser
Universidad de Educación a Distancia (UNED);TFG;Facultades y escuelas::Facultad de Filología;Grado en Estudios Ingleses: Lengua, Literatura y Cultura;La influencia de Essais de M. de Montaigne en The Tempest de W. Shakespeare;Pérez Carballeira, Noelia Patricia;2023;https://e-spacio.uned.es/entities/publication/1cf069e0-eea0-49d6-bcc0-b2c295ae9e07/full;abstracts\La_influencia_de_Essais_de_M___2023_69784855.txt;Montaigne, Shakespeare, influencia, Essais, The Tempest, influence;es;Filologías;grado en estudios ingleses: lengua, literatura y cultura;ODS 13: Acción por el clima;ODS 10: Reducción de las desigualdades;Noelia;female;gender-guesser
Universidad de Educación a Distancia (UNED);TFG;Facultades y escuelas::Facultad de Filología;Grado en Estudios Ingleses: Lengua, Literatura y Cultura;La influencia italiana de Matteo Bandello en la comedia Much Ado About Nothing de William Shakespeare;Halan, Olga;2022;https://e-spacio.uned.es/entities/publication/550bfca1-3add-4f2e-bcfa-7440ab75c57f/full;abstracts\La_influencia_italiana_de_Matt_2022_26190227.txt;Novelle, influencia italiana, Matteo Bandello, William Shakespeare, comedia, italian influence, comedy;es;Filologías;grado en estudios ingleses: lengua, literatura y cultura;ODS 1: Fin de la pobreza;ODS 17: Alianzas para lograr los objetivos;Olga;female;gender-guesser
Universidad de Educación a Distancia (UNED);TFG;Facultades y escuelas::Facultad de Filología;Grado en Lengua y Literatura Españolas;La sexualidad y el género en la obra de Paloma Pedrero;Rodríguez Martín, María Cristina;2016;https://e-spacio.uned.es/entities/publication/996dd6fe-d64e-407d-b73e-908153d9fc73/full;abstracts\La_sexualidad_y_el_g_nero_en_l_2016_38240720.txt;género, sexo, identidad, feminidad, masculinidad;es;Filologías;grado en lengua y literatura espanolas;ODS 5: Igualdad de género;ODS 3: Salud y bienestar;María;female;gender-guesser
Universidad de Educación a Distancia (UNED);TFG;Facultades y escuelas::Facultad de Filología;Grado en Estudios Ingleses: Lengua, Literatura y Cultura;Lengua y cultura italianas en la obra de Donna Leon;Úbeda Gázquez, Antonio;2016;https://e-spacio.uned.es/entities/publication/0a3e1135-3411-4fa6-bd47-542d080c5519/full;abstracts\Lengua_y_cultura_italianas_en__2016_8534157.txt;Lengua y cultura italianas, Venecia, Italian language and culture, Venice, Donna Leon, Brunetti;es;Filologías;grado en estudios ingleses: lengua, literatura y cultura;ODS 4: Educación de calidad;ODS 11: Ciudades y comunidades sostenibles;Antonio;male;gender-guesser
Universidad de Educación a Distancia (UNED);TFG;Facultades y escuelas::Facultad de Filología;Grado en Estudios Ingleses: Lengua, Literatura y Cultura;Magic, Royal Weddings and Censorship in Shakespearian Theatre;Lorenzo Hernández, Encarnación;2021;https://e-spacio.uned.es/entities/publication/25ff307e-738c-45c0-b239-097022236cce/full;abstracts\Magic__Royal_Weddings_and_Cens_2021_22656392.txt;liminality, nuptial rituals, wedding masque, epithalamia, metatheatricality;en;Filologías;grado en estudios ingleses: lengua, literatura y cultura;ODS 16: Paz, justicia e instituciones sólidas;ODS 1: Fin de la pobreza;Encarnación;female;gender-guesser
Universidad de Educación a Distancia (UNED);TFG;Facultades y escuelas::Facultad de Filología;Grado en Estudios Ingleses: Lengua, Literatura y Cultura;"Metaphoric and metonymic processes in the representation of the Comitatus milieu in ""Beowulf"".";Gállego Marco, María;2020;https://e-spacio.uned.es/entities/publication/7040fb9b-4d22-49b1-bc3e-43bcf75b4809/full;abstracts\Metaphoric_and_metonymic_proce_2020_75449569.txt;comitatus, kennings, metaphor, metonymy, Prismatic Model;en;Filologías;grado en estudios ingleses: lengua, literatura y cultura;ODS 4: Educación de calidad;ODS 17: Alianzas para lograr los objetivos;María;female;gender-guesser
Universidad de Educación a Distancia (UNED);TFG;Facultades y escuelas::Facultad de Filología;Grado en Estudios Ingleses: Lengua, Literatura y Cultura;Me do it tomorrow: proposed methods for preventing common writing errors made by Spanish Elementary School students;Jones, Alice;2014;https://e-spacio.uned.es/entities/publication/0a423bbd-8e78-4c66-a05d-62bb58112f97/full;abstracts\Me_do_it_tomorrow__proposed_me_2014_1550888.txt;;en;Filologías;grado en estudios ingleses: lengua, literatura y cultura;ODS 4: Educación de calidad;ODS 10: Reducción de las desigualdades;Alice;female;gender-guesser
Universidad de Educación a Distancia (UNED);TFG;Facultades y escuelas::Facultad de Filología;Grado en Estudios Ingleses: Lengua, Literatura y Cultura;Modernism as a means of expressing dissident sexualities: Virginia Woolf’s Orlando;Suárez García, Fabio;2023;https://e-spacio.uned.es/entities/publication/2e84664d-6e8b-4736-b574-a7f2e2abb345/full;abstracts\Modernism_as_a_means_of_expres_2023_98791996.txt;Virginia Woolf, Orlando, Modernism, androgyny, gender;en;Filologías;grado en estudios ingleses: lengua, literatura y cultura;ODS 5: Igualdad de género;ODS 13: Acción por el clima;Fabio;male;gender-guesser
Universidad de Educación a Distancia (UNED);TFG;Facultades y escuelas::Facultad de Filología;Grado en Estudios Ingleses: Lengua, Literatura y Cultura;Nancy Fraser y la transformación feminista del sistema. En busca de una alternativa a las políticas fallidas del procedimentalismo, liberalismo y multiculturalismo.;Nájera Aliende, Israel;2021;https://e-spacio.uned.es/entities/publication/77442a7a-7a80-4848-849e-414b849c7d52/full;abstracts\Nancy_Fraser_y_la_transformaci_2021_14474515.txt;feminismo, Nancy Fraser, redistribución, reconocimiento, deconstrucción;es;Filologías;grado en estudios ingleses: lengua, literatura y cultura;ODS 5: Igualdad de género;ODS 13: Acción por el clima;Israel;male;gender-guesser
Universidad de Educación a Distancia (UNED);TFG;Facultades y escuelas::Facultad de Filología;Grado en Estudios Ingleses: Lengua, Literatura y Cultura;New women’s literature: a reflection of the fight for the rights of women. Sarah Grand’s Ideala and Olive Schreiner’s Story Of An African Farm, as new women novels.;Laquidáin Tirado, Milagros;2021;https://e-spacio.uned.es/entities/publication/1c87bc50-d605-4934-8946-2b7c972f4a75/full;abstracts\New_women_s_literature__a_refl_2021_4621017.txt;New Women’s literature, feminism, Sarah Grand, Olive Schreiner, Suffragism;en;Filologías;grado en estudios ingleses: lengua, literatura y cultura;ODS 5: Igualdad de género;ODS 1: Fin de la pobreza;Milagros;female;gender-guesser
Universidad de Educación a Distancia (UNED);TFG;Facultades y escuelas::Facultad de Filología;Grado en Estudios Ingleses: Lengua, Literatura y Cultura;"Now you see it and now you see it again: The presence of patriarchy in Virginia Woolf’s ""Mrs Dalloway"" and ""A Room of one’s own""";Daniels Oldfield, Deborah;2019;https://e-spacio.uned.es/entities/publication/a4d551c7-54c6-4700-82f1-ca329f4302d3/full;abstracts\Now_you_see_it_and_now_you_see_2019_53901342.txt;Mrs Dalloway, A Room of One’s Own, patriarchy, Virginia Woolf, imagery;en;Filologías;grado en estudios ingleses: lengua, literatura y cultura;ODS 5: Igualdad de género;ODS 16: Paz, justicia e instituciones sólidas;Deborah;female;gender-guesser
Universidad de Educación a Distancia (UNED);TFG;Facultades y escuelas::Facultad de Filología;Grado en Estudios Ingleses: Lengua, Literatura y Cultura;Optimising the Use of a Native English Speaker as a Language Assistant in CLIL Contexts;Rook, Julian Richard Anthony;2016;https://e-spacio.uned.es/entities/publication/87e7bae6-8b62-43c5-8169-1cea4f10cb5e/full;abstracts\Optimising_the_Use_of_a_Native_2016_94234616.txt;CLIL, bilingual education, native language assistant, activities, CALP;en;Filologías;grado en estudios ingleses: lengua, literatura y cultura;ODS 4: Educación de calidad;ODS 17: Alianzas para lograr los objetivos;Julian;male;gender-guesser
Universidad de Educación a Distancia (UNED);TFG;Facultades y escuelas::Facultad de Filología;Grado en Estudios Ingleses: Lengua, Literatura y Cultura;Paranormal Entities in “Macbeth” and in “Hamlet”: An Analysis Based on New Historicism;Sánchez Serrano, Antonio;2020;https://e-spacio.uned.es/entities/publication/3c11da34-7d52-4ed2-8f62-acfbbd34a6fa/full;abstracts\Paranormal_Entities_in__Macbet_2020_97301817.txt;Macbeth, Hamlet, witches, ghosts, new historicism;en;Filologías;grado en estudios ingleses: lengua, literatura y cultura;ODS 16: Paz, justicia e instituciones sólidas;ODS 10: Reducción de las desigualdades;Antonio;male;gender-guesser
Universidad de Educación a Distancia (UNED);TFG;Facultades y escuelas::Facultad de Filología;Grado en Estudios Ingleses: Lengua, Literatura y Cultura;Pinocchio en la gran pantalla: novela de aprendizaje frente a cuento de hadas. El enfoque italiano frente al americano;Moneo Arcos, Mai;2022;https://e-spacio.uned.es/entities/publication/33152a1f-cbcb-49ce-aa0f-90917e4ac89b/full;abstracts\Pinocchio_en_la_gran_pantalla__2022_31688009.txt;Pinocchio, Collodi, Disney, Benigni, Garrone;es;Filologías;grado en estudios ingleses: lengua, literatura y cultura;ODS 15: Vida de ecosistemas terrestres;ODS 14: Vida submarina;Mai;female;gender-guesser
Universidad de Educación a Distancia (UNED);TFG;Facultades y escuelas::Facultad de Filología;Grado en Estudios Ingleses: Lengua, Literatura y Cultura;"Playing in the Dusk: Racism and Childhood Trauma in Toni Morrison's ""Recitatif"" and Adrienne Kennedy's Funnyhouse of a Negro";Duart Merino, Carles;2024;https://e-spacio.uned.es/entities/publication/ec637ae3-41f7-4bac-a5e3-0afd9fe206a7/full;abstracts\Playing_in_the_Dusk__Racism_an_2024_82146771.txt;racism, trauma, memory, Toni Morrison, Adrienne Kennedy;en;Filologías;grado en estudios ingleses: lengua, literatura y cultura;ODS 5: Igualdad de género;ODS 13: Acción por el clima;Carles;male;gender-guesser
Universidad de Educación a Distancia (UNED);TFG;Facultades y escuelas::Facultad de Filología;Grado en Estudios Ingleses: Lengua, Literatura y Cultura;Rabassa’s visibility in his translation of Chronicle of a Death Foretold;Herrero Gil, Fernando;2021;https://e-spacio.uned.es/entities/publication/63e382d9-999f-4fee-a2f2-4433250f60df/full;abstracts\Rabassa_s_visibility_in_his_tr_2021_74454335.txt;;en;Filologías;grado en estudios ingleses: lengua, literatura y cultura;ODS 4: Educación de calidad;ODS 9: Industria, innovación e infraestructura;Fernando;male;gender-guesser
Universidad de Educación a Distancia (UNED);TFG;Facultades y escuelas::Facultad de Filología;Grado en Lengua y Literatura Españolas;Rasgos autoficcionales en la obra teatral de Sergio Blanco;Jiménez Estepa, Juan;2021;https://e-spacio.uned.es/entities/publication/30ea11cd-0963-4444-971f-82f599461a21/full;abstracts\Rasgos_autoficcionales_en_la_o_2021_83336764.txt;teatro, autoficción, autobiografía, pacto ambiguo, metateatro, narcisismo, identidad, dramaturgia, contemporánea;es;Filologías;grado en lengua y literatura espanolas;ODS 14: Vida submarina;ODS 4: Educación de calidad;Juan;male;gender-guesser
Universidad de Educación a Distancia (UNED);TFG;Facultades y escuelas::Facultad de Filología;Grado en Estudios Ingleses: Lengua, Literatura y Cultura;Reading the Terms of Service. A longitudinal study addressing the readability of the Terms of Service of the top five most visited websites in Spain;Hafner Táboas, Amalia;2021;https://e-spacio.uned.es/entities/publication/134c81cb-5561-476e-9a4c-f36b91d8ac1a/full;abstracts\Reading_the_Terms_of_Service___2021_80464174.txt;readability, plain english, terms of service, legal english;en;Filologías;grado en estudios ingleses: lengua, literatura y cultura;ODS 4: Educación de calidad;ODS 6: Agua limpia y saneamiento;Amalia;female;gender-guesser
Universidad de Educación a Distancia (UNED);TFG;Facultades y escuelas::Facultad de Filología;Grado en Estudios Ingleses: Lengua, Literatura y Cultura;Role and reference grammar linguistic model;Rolanía Navarro, Jose;2022;https://e-spacio.uned.es/entities/publication/458b5862-bce6-4cdb-87fe-c25b214e4c72/full;abstracts\Role_and_reference_grammar_lin_2022_28625293.txt;Linking algorithm, semantic structure, syntactic representation, parsing, applications;en;Filologías;grado en estudios ingleses: lengua, literatura y cultura;ODS 17: Alianzas para lograr los objetivos;ODS 4: Educación de calidad;Jose;male;gender-guesser
Universidad de Educación a Distancia (UNED);TFG;Facultades y escuelas::Facultad de Filología;Grado en Estudios Ingleses: Lengua, Literatura y Cultura;"Same-Sex Marriage Legislation in the United States and Television Series: An Analysis of ""Glee""";Amengual Servera, Mateu Fèlix;2019;https://e-spacio.uned.es/entities/publication/822c12f6-5957-41e5-8489-8d6945242bbf/full;abstracts\Same-Sex_Marriage_Legislation__2019_58190333.txt;Glee,, same-sex marriage, public opinion, parasocial interaction, contact hypothesis;en;Filologías;grado en estudios ingleses: lengua, literatura y cultura;ODS 5: Igualdad de género;ODS 16: Paz, justicia e instituciones sólidas;Mateu;male;gender-guesser
Universidad de Educación a Distancia (UNED);TFG;Facultades y escuelas::Facultad de Filología;Grado en Estudios Ingleses: Lengua, Literatura y Cultura;Saxon Genitive: an English syntactic analysis and a comparative approach to Spanish;Lozano Nieto, José Miguel;2021;https://e-spacio.uned.es/entities/publication/08d9ab00-2335-4b79-b1f1-662ef55a8adc/full;abstracts\Saxon_Genitive__an_English_syn_2021_40586061.txt;Saxon-genitive, possessive case, preposition “of” phrase, postnominal genitive, L2 English acquisition;en;Filologías;grado en estudios ingleses: lengua, literatura y cultura;ODS 5: Igualdad de género;ODS 12: Producción y consumo responsables;José;male;gender-guesser
Universidad de Educación a Distancia (UNED);TFG;Facultades y escuelas::Facultad de Filología;Grado en Estudios Ingleses: Lengua, Literatura y Cultura;Scientific Exploration in Edgar Allan Poe's Short Fiction;Gonçalves Para, Susana;2021;https://e-spacio.uned.es/entities/publication/4948ad85-81b2-4c96-b444-f996514c0fb5/full;abstracts\Scientific_Exploration_in_Edga_2021_20603120.txt;Edgar Allan Poe, 19th century science, literary influence, scientific exploration;en;Filologías;grado en estudios ingleses: lengua, literatura y cultura;ODS 15: Vida de ecosistemas terrestres;ODS 13: Acción por el clima;Susana;female;gender-guesser
Universidad de Leon;TFG;Facultad de Filosofia y Letras;Grado en Filología Moderna;Semantic change in William Shakespeare: a case study from sonnet 130;Galán da Costa, Ana Lis;2018;https://buleria.unileon.es/handle/10612/7929;abstracts_uhu_TFG\Semantic_change_in_William_Sha_2018_90262791.txt;Semántica, Shakespeare, William, 1564-1616;spa;Filologías;grado en filologia moderna;ODS 4: Educación de calidad;ODS 9: Industria, innovación e infraestructura;Ana;female;gender-guesser
Universidad de Educación a Distancia (UNED);TFG;Facultades y escuelas::Facultad de Filología;Grado en Estudios Ingleses: Lengua, Literatura y Cultura;Sentiment analysis: an approach to verbal violence & abuse against women on twitter;Carretero González, Isabel;2019;https://e-spacio.uned.es/entities/publication/5e9ac079-add2-4403-9519-629ff36989e3/full;abstracts\Sentiment_analysis__an_approac_2019_61159660.txt;Sentiment analysis, women, Twitter, violence, abuse;en;Filologías;grado en estudios ingleses: lengua, literatura y cultura;ODS 5: Igualdad de género;ODS 16: Paz, justicia e instituciones sólidas;Isabel;female;gender-guesser
Universidad de Educación a Distancia (UNED);TFG;Facultades y escuelas::Facultad de Filología;Grado en Estudios Ingleses: Lengua, Literatura y Cultura;Teen homosexuality in Brittain at the turn of the millennium: From Beautiful Thing to Heartstopper;González García, Francisco;2023;https://e-spacio.uned.es/entities/publication/41bd3968-b50d-4ee8-9cdc-0e71176c0a3d/full;abstracts\Teen_homosexuality_in_Brittain_2023_22861621.txt;Teen homosexuality, gay legislation, gay identity, Beautiful Thing, Heartstopper;en;Filologías;grado en estudios ingleses: lengua, literatura y cultura;ODS 5: Igualdad de género;ODS 11: Ciudades y comunidades sostenibles;Francisco;male;gender-guesser
Universidad de Educación a Distancia (UNED);TFG;Facultades y escuelas::Facultad de Filología;Grado en Estudios Ingleses: Lengua, Literatura y Cultura;The Benefits of Audiobooks for ESL Students;Popescu, Cristina;2020;https://e-spacio.uned.es/entities/publication/2ca100d4-79a4-4cd1-93db-018ef562118d/full;abstracts\The_Benefits_of_Audiobooks_for_2020_68352373.txt;audiobooks, listening comprehension, fluency, vocabulary gain, reading while listening;en;Filologías;grado en estudios ingleses: lengua, literatura y cultura;ODS 4: Educación de calidad;ODS 9: Industria, innovación e infraestructura;Cristina;female;gender-guesser
Universidad de Educación a Distancia (UNED);TFG;Facultades y escuelas::Facultad de Filología;Grado en Estudios Ingleses: Lengua, Literatura y Cultura;The English Language in America;Bonilla Abad, María Elena;2021;https://e-spacio.uned.es/entities/publication/1d21623a-31e5-4a71-9c25-523de9fbf371/full;abstracts\The_English_Language_in_Americ_2021_77183286.txt;;en;Filologías;grado en estudios ingleses: lengua, literatura y cultura;ODS 15: Vida de ecosistemas terrestres;ODS 4: Educación de calidad;María;female;gender-guesser
Universidad de Educación a Distancia (UNED);TFG;Facultades y escuelas::Facultad de Filología;Grado en Estudios Ingleses: Lengua, Literatura y Cultura;The Five Longest Hours of Mario: The English Translation of the Work of Miguel Delibes;Segarra Tell, Joan Albert;2022;https://e-spacio.uned.es/entities/publication/b1520070-67e0-4129-990f-263ebacac18c/full;abstracts\The_Five_Longest_Hours_of_Mari_2022_51412309.txt;Delibes, late Francoism, subjectivity, discourse, chronicle;en;Filologías;grado en estudios ingleses: lengua, literatura y cultura;ODS 4: Educación de calidad;ODS 13: Acción por el clima;Joan;female;gender-guesser
Universidad de Educación a Distancia (UNED);TFG;Facultades y escuelas::Facultad de Filología;Grado en Estudios Ingleses: Lengua, Literatura y Cultura;The In-Betweenness of the New Mestiza Consciousness in Sandra Cisneros’ Caramelo, or Puro Cuento;Memmo, Adriana;2023;https://e-spacio.uned.es/entities/publication/c9ac55f8-5ca0-41d2-9b5d-58fcc0e248ff/full;abstracts\The_In-Betweenness_of_the_New__2023_71305520.txt;New mestiza consciousness, in-betweenness, Chicano culture, Sandra Cisneros, Gloria Anzaldúa;en;Filologías;grado en estudios ingleses: lengua, literatura y cultura;ODS 5: Igualdad de género;ODS 14: Vida submarina;Adriana;female;gender-guesser
Universidad de Educación a Distancia (UNED);TFG;Facultades y escuelas::Facultad de Filología;Grado en Estudios Ingleses: Lengua, Literatura y Cultura;The influence of french on english vocabulary: A voyage through literary texts;Serrano Díez, María;2022;https://e-spacio.uned.es/entities/publication/30fab2f1-fbc5-4f02-838a-e22b73995c98/full;abstracts\The_influence_of_french_on_eng_2022_76569768.txt;the norman conquest, french, english, literature, vocabulary, etymological analysis;en;Filologías;grado en estudios ingleses: lengua, literatura y cultura;ODS 4: Educación de calidad;ODS 9: Industria, innovación e infraestructura;María;female;gender-guesser
Universidad de Educación a Distancia (UNED);TFG;Facultades y escuelas::Facultad de Filología;Grado en Estudios Ingleses: Lengua, Literatura y Cultura;The Influence of French on Society and Language in the Middle English Period;Marcos Campano, Ana Luisa;2016;https://e-spacio.uned.es/entities/publication/109710cf-b851-4694-9b7c-d5432f23f8d0/full;abstracts\The_Influence_of_French_on_Soc_2016_89622863.txt;;en;Filologías;grado en estudios ingleses: lengua, literatura y cultura;ODS 9: Industria, innovación e infraestructura;ODS 15: Vida de ecosistemas terrestres;Ana;female;gender-guesser
Universidad de Educación a Distancia (UNED);TFG;Facultades y escuelas::Facultad de Filología;Grado en Estudios Ingleses: Lengua, Literatura y Cultura;The island, the attic and the female dissent: a comparative analysis between Sycorax and Bertha Mason;Monno, Graziana;2021;https://e-spacio.uned.es/entities/publication/86733cd8-1a65-493a-8293-4f66251a0b80/full;abstracts\The_island__the_attic_and_the__2021_79194766.txt;Sycorax, Bertha Mason, female stereotypes, female dissent, misogyny;en;Filologías;grado en estudios ingleses: lengua, literatura y cultura;ODS 5: Igualdad de género;ODS 1: Fin de la pobreza;Graziana;female;gender-guesser
Universidad de Educación a Distancia (UNED);TFG;Facultades y escuelas::Facultad de Filología;Grado en Estudios Ingleses: Lengua, Literatura y Cultura;The novel of Charles Dickens as vehicle for ideas that shaped the Victorian Period;Rodríguez Rosales, Francisco;2022;https://e-spacio.uned.es/entities/publication/13254813-61b5-4f9c-b593-e0fe7e84c8db/full;abstracts\The_novel_of_Charles_Dickens_a_2022_39509833.txt;Charles Dickens, Victorian Period, condition of England novels, Poor Laws, sanitary conditions, utilitarianism;en;Filologías;grado en estudios ingleses: lengua, literatura y cultura;ODS 11: Ciudades y comunidades sostenibles;ODS 1: Fin de la pobreza;Francisco;male;gender-guesser
Universidad de Educación a Distancia (UNED);TFG;Facultades y escuelas::Facultad de Filología;Grado en Estudios Ingleses: Lengua, Literatura y Cultura;The Portrayal of Self Identity in Susanna Moodie’s Roughing It in the Bush;Corrochano Arribas, Natalia;2022;https://e-spacio.uned.es/entities/publication/6ebaba71-20ee-4af9-bddf-770cd58d15bd/full;abstracts\The_Portrayal_of_Self_Identity_2022_28550072.txt;Susanna Moodie, pioneer memoirs, Canadian Literature, Identity;en;Filologías;grado en estudios ingleses: lengua, literatura y cultura;ODS 13: Acción por el clima;ODS 4: Educación de calidad;Natalia;female;gender-guesser
Universidad de Educación a Distancia (UNED);TFG;Facultades y escuelas::Facultad de Filología;Grado en Estudios Ingleses: Lengua, Literatura y Cultura;The production of four diphthongs in RP and Australian English: A comparative study;Brachs Ribé, Marc;2022;https://e-spacio.uned.es/entities/publication/34fbe310-3903-4b6c-bf38-0ceaf1a2fde3/full;abstracts\The_production_of_four_diphtho_2022_45621456.txt;received pronunciation, australian english, diphthong, formant, spectrogram;en;Filologías;grado en estudios ingleses: lengua, literatura y cultura;ODS 8: Trabajo decente y crecimiento económico;ODS 5: Igualdad de género;Marc;male;gender-guesser
Universidad de Educación a Distancia (UNED);TFG;Facultades y escuelas::Facultad de Filología;Grado en Estudios Ingleses: Lengua, Literatura y Cultura;The Rise of a Legend: An Overview of the Arthurian Literary Development;Cabrera Alemán, Ailed;2021;https://e-spacio.uned.es/entities/publication/c1fdd25a-919c-4edc-b022-5d13eb7f5de5/full;abstracts\The_Rise_of_a_Legend__An_Overv_2021_54991555.txt;King Arthur, Arthurian romances, courtly love, chivalry, knights;en;Filologías;grado en estudios ingleses: lengua, literatura y cultura;ODS 15: Vida de ecosistemas terrestres;ODS 4: Educación de calidad;Ailed;female;manual
Universidad de Educación a Distancia (UNED);TFG;Facultades y escuelas::Facultad de Filología;Grado en Estudios Ingleses: Lengua, Literatura y Cultura;The Role of Canadian Nature in Susanna Moodie's Roughing It in The Bush;Vargas Fresnillo, Antonia Eugenia;2023;https://e-spacio.uned.es/entities/publication/6b331f42-7ba4-473a-bedf-3b7089f9c217/full;abstracts\The_Role_of_Canadian_Nature_in_2023_33116379.txt;Canadian Literature, nature, Susanna Moodie, pioneer memoirs, emigration;en;Filologías;grado en estudios ingleses: lengua, literatura y cultura;ODS 13: Acción por el clima;ODS 1: Fin de la pobreza;Antonia;female;gender-guesser
Universidad de Educación a Distancia (UNED);TFG;Facultades y escuelas::Facultad de Filología;Grado en Estudios Ingleses: Lengua, Literatura y Cultura;The teaching of English as L2 in Navarra´s secondary schools;Azpiroz Loidi, Eider;2019;https://e-spacio.uned.es/entities/publication/48458b2c-f46d-4344-b5af-c2cfda7fd4ca/full;abstracts\The_teaching_of_English_as_L2__2019_562400.txt;multilingual societies, english as L2, secondary education, language teaching, Navarra´s curriculum;en;Filologías;grado en estudios ingleses: lengua, literatura y cultura;ODS 4: Educación de calidad;ODS 9: Industria, innovación e infraestructura;Eider;female;gender-guesser
Universidad de Educación a Distancia (UNED);TFG;Facultades y escuelas::Facultad de Filología;Grado en Estudios Ingleses: Lengua, Literatura y Cultura;The translation of humour in the audiovisual context. The challenge of audio description in the series “Workin' Moms”. The importance of making the invisible visible;Cánovas Ramírez, Isabel;2022;https://e-spacio.uned.es/entities/publication/3a214cfc-4e8e-46f9-b92f-a08e53e8dc6c/full;abstracts\The_translation_of_humour_in_t_2022_28875359.txt;audio description, humour, accessibility, audiovisual translation;en;Filologías;grado en estudios ingleses: lengua, literatura y cultura;ODS 3: Salud y bienestar;ODS 4: Educación de calidad;Isabel;female;gender-guesser
Universidad de Educación a Distancia (UNED);TFG;Facultades y escuelas::Facultad de Filología;Grado en Estudios Ingleses: Lengua, Literatura y Cultura;The type of postmodern satire and its role in George Saunders’s short fiction;Vievskaya, Natalia;2021;https://e-spacio.uned.es/entities/publication/c32774a5-8860-4dbd-b2e7-7abe04b46544/full;abstracts\The_type_of_postmodern_satire__2021_94505825.txt;George Saunders, satire, American postmodern fiction, empathy, metanarratives;en;Filologías;grado en estudios ingleses: lengua, literatura y cultura;ODS 4: Educación de calidad;ODS 10: Reducción de las desigualdades;Natalia;female;gender-guesser
Universidad de Educación a Distancia (UNED);TFG;Facultades y escuelas::Facultad de Filología;Grado en Estudios Ingleses: Lengua, Literatura y Cultura;The underpinnings of dystopia: a cognitive poetic approach to Huxley’s “Brave New World”;Pérez Marques, Daniel;2020;https://e-spacio.uned.es/entities/publication/7a52e331-09f3-4b75-8388-ebadd8c5fe55/full;abstracts\The_underpinnings_of_dystopia__2020_31027855.txt;Aldous Huxley, lingüística cognitiva, análisis literario, literatura distópica, cognitive linguistics, literary analysis, dystopian literature;en;Filologías;grado en estudios ingleses: lengua, literatura y cultura;ODS 4: Educación de calidad;ODS 15: Vida de ecosistemas terrestres;Daniel;male;gender-guesser
Universidad de Educación a Distancia (UNED);TFG;Facultades y escuelas::Facultad de Filología;Grado en Estudios Ingleses: Lengua, Literatura y Cultura;The Wife's Lament. A Cognitive Journey into the Discovery of its Core Meaning;Terol Muñoz, Jessica;2023;https://e-spacio.uned.es/entities/publication/0dd8bd8e-912f-4cc6-ba22-108112c43363/full;abstracts\The_Wife_s_Lament__A_Cognitive_2023_53758616.txt;The Wife’s Lament, Old English, Cognitive Linguistics, Prototypes and Idealized Conceptual Models, Alfabetización Digital;en;Filologías;grado en estudios ingleses: lengua, literatura y cultura;ODS 4: Educación de calidad;ODS 1: Fin de la pobreza;Jessica;female;gender-guesser
Universidad de Educación a Distancia (UNED);TFG;Facultades y escuelas::Facultad de Filología;Grado en Estudios Ingleses: Lengua, Literatura y Cultura;The Yorkshire accent and the lack of the foot-strut split;Beltrán Martínez, Adrián;2020;https://e-spacio.uned.es/entities/publication/1e39b1f2-cb30-49c9-bf07-0ff8f1903952/full;abstracts\The_Yorkshire_accent_and_the_l_2020_32149817.txt;;en;Filologías;grado en estudios ingleses: lengua, literatura y cultura;ODS 5: Igualdad de género;ODS 1: Fin de la pobreza;Adrián;male;gender-guesser
Universidad de Educación a Distancia (UNED);TFG;Facultades y escuelas::Facultad de Filología;Grado en Estudios Ingleses: Lengua, Literatura y Cultura;Translation from English into Spanish of a specialised glossary created through a corpus of texts related to Stem Cell and Bone Marrow Transplant;Marcet Esquerdo, Nicolás;2023;https://e-spacio.uned.es/entities/publication/07d1f64d-5a1d-4d55-928e-bea735e2a506/full;abstracts\Translation_from_English_into__2023_35712575.txt;trasplante de médula ósea, corpus, lenguaje especializado, glosario, traducción, stem cell transplant, specialised language, glossary, translation;en;Filologías;grado en estudios ingleses: lengua, literatura y cultura;ODS 4: Educación de calidad;ODS 3: Salud y bienestar;Nicolás;male;gender-guesser
Universidad Autónoma de Madrid;TFG;Facultad de Filosofía y Letras;Lenguas Modernas, Cultura y Comunicación. Curso Académico 2019-2020;Tratamiento de las lenguas cooficiales en los libros de texto en España;Pastor Calvo, Silvia;2020;https://repositorio.uam.es/handle/10486/694025;abstracts_uam_TFG\Tratamiento_de_las_lenguas_coo_2020_66262988.txt;"Libros de texto; lenguas cooficiales; catalán; euskera; valenciano; gallego";spa;Filologías;lenguas modernas, cultura y comunicacion. curso academico 2019-2020;ODS 4: Educación de calidad;ODS 13: Acción por el clima;Silvia;female;gender-guesser
Universidad de Educación a Distancia (UNED);TFG;Facultades y escuelas::Facultad de Filología;Grado en Estudios Ingleses: Lengua, Literatura y Cultura;Trilingual education in the Basque Country. A case study: San José - Jesuitas lkastetxea. Durango (Bizkaia);Elexpe Itoiz, Mónica;2016;https://e-spacio.uned.es/entities/publication/9a928f90-a726-4f18-972d-4724071ff052/full;abstracts\Trilingual_education_in_the_Ba_2016_51693303.txt;;en;Filologías;grado en estudios ingleses: lengua, literatura y cultura;ODS 4: Educación de calidad;ODS 5: Igualdad de género;Mónica;female;gender-guesser
Universidad de Educación a Distancia (UNED);TFG;Facultades y escuelas::Facultad de Filología;Grado en Estudios Ingleses: Lengua, Literatura y Cultura;Understanding the female voices silenced by hunger: a Gender Reading of Eavan Boland’s Famine Poems;Rosendo Gonzalez, Jesus Mª de;2024;https://e-spacio.uned.es/entities/publication/ccf9ae73-c7a2-45f1-9542-4e963222d4d5/full;abstracts\Understanding_the_female_voice_2024_85818859.txt;Eavan Boland, Irish Poetry, Women Poets, Irish Famine, Female Subjectivity;en;Filologías;grado en estudios ingleses: lengua, literatura y cultura;ODS 5: Igualdad de género;ODS 1: Fin de la pobreza;Jesus;male;gender-guesser
Universidad de Educación a Distancia (UNED);TFG;Facultades y escuelas::Facultad de Filología;Grado en Estudios Ingleses: Lengua, Literatura y Cultura;Unnatural Narratology and the Interpretation of the Impossible in Danielewski’s House of Leaves.;Ramírez Crespo, José;2021;https://e-spacio.uned.es/entities/publication/01987a21-3649-4e1c-8eb2-e34132b3f674/full;abstracts\Unnatural_Narratology_and_the__2021_12897498.txt;unnatural narratology, antimimetic fiction, interpretation, Mark Z. Danielewski, House of Leaves;en;Filologías;grado en estudios ingleses: lengua, literatura y cultura;ODS 5: Igualdad de género;ODS 15: Vida de ecosistemas terrestres;José;male;gender-guesser
Universidad de Educación a Distancia (UNED);TFG;Facultades y escuelas::Facultad de Filología;Grado en Estudios Ingleses: Lengua, Literatura y Cultura;Women challenging boundaries of gender, race and sexuality in fall on your knees, by Ann-Marie Macdonald;Soria Galán, Nair;2021;https://e-spacio.uned.es/entities/publication/9a6f2db7-ccb4-4017-b957-39c6823662ed/full;abstracts\Women_challenging_boundaries_o_2021_10092541.txt;Fall on Your Knees, Ann-Marie MacDonald, women, gender, race, sexuality;en;Filologías;grado en estudios ingleses: lengua, literatura y cultura;ODS 5: Igualdad de género;ODS 1: Fin de la pobreza;Nair;male;manual
Universidad de Educación a Distancia (UNED);TFG;Facultades y escuelas::Facultad de Filología;Grado en Estudios Ingleses: Lengua, Literatura y Cultura;"(Anti)Feminisms in Jonathan Franzen’s ""Purity""";Vigorito Torres, Frank;2016;https://e-spacio.uned.es/entities/publication/c3c4c56a-b350-4613-b814-54997961ee13/full;abstracts\_Anti_Feminisms_in_Jonathan_Fr_2016_68426531.txt;;en;Filologías;grado en estudios ingleses: lengua, literatura y cultura;ODS 5: Igualdad de género;ODS 4: Educación de calidad;Frank;male;gender-guesser
Universidad de Educación a Distancia (UNED);TFG;Facultades y escuelas::Facultad de Filología;Grado en Estudios Ingleses: Lengua, Literatura y Cultura;"""Die not, poor Death, when I Am Laid in Earth"": A Written Portrait of the Beautiful Morbid in Victorian Literature";Montes Alonso, Héctor;2020;https://e-spacio.uned.es/entities/publication/18b4bd77-41a9-42ce-9b8e-4731a267bde1/full;abstracts\_Die_not__poor_Death__when_I_A_2020_82396074.txt;death, Victorian literature, aesthetic representation, abject and the sublime, the uncanny;en;Filologías;grado en estudios ingleses: lengua, literatura y cultura;ODS 1: Fin de la pobreza;ODS 14: Vida submarina;Héctor;male;gender-guesser
Universidad de Educación a Distancia (UNED);TFG;Facultades y escuelas::Facultad de Filología;Grado en Estudios Ingleses: Lengua, Literatura y Cultura;“Howl”. A Deconstructed Supernatural Cry;López de Munain Solar, Paul;2016;https://e-spacio.uned.es/entities/publication/b0d15e48-895b-492d-b05b-58f327f40ca8/full;abstracts\_Howl___A_Deconstructed_Supern_2016_73129248.txt;;en;Filologías;grado en estudios ingleses: lengua, literatura y cultura;ODS 5: Igualdad de género;ODS 17: Alianzas para lograr los objetivos;Paul;male;gender-guesser
Universidad de Educación a Distancia (UNED);TFG;Facultades y escuelas::Facultad de Filología;Grado en Estudios Ingleses: Lengua, Literatura y Cultura;“I’ve a feeling we’re not in the forest anymore”: a philosophical exploration of the interplay between violence, politics and humanity in Ursula K. Le Guin’s the word for world is forest;Díaz Tabera, David;2023;https://e-spacio.uned.es/entities/publication/12c340f3-5317-43de-bde0-9efed6d72a23/full;abstracts\_I_ve_a_feeling_we_re_not_in_t_2023_17375029.txt;Carl Schmitt, The Word for World Is Forest, Ursula K. Le Guin, Violence, Walter Benjamin;en;Filologías;grado en estudios ingleses: lengua, literatura y cultura;ODS 13: Acción por el clima;ODS 15: Vida de ecosistemas terrestres;David;male;gender-guesser
Universidad de Educación a Distancia (UNED);TFG;Facultades y escuelas::Facultad de Filología;Grado en Estudios Ingleses: Lengua, Literatura y Cultura;“The free soul shrinks from the tyrant’s grasp”: Patriarchal Oppression and Female Resistance in Mary Robinson’s, The Sicilian Lover;Gullón Malmkvist, Ingrid Erika;2022;https://e-spacio.uned.es/entities/publication/68a90df3-897a-4cce-bbc7-84e0044ff2a4/full;abstracts\_The_free_soul_shrinks_from_th_2022_22263620.txt;patriarchal oppression, female resistance, Mary Robinson, The Sicilian Lover, Mary Wollstonecraft, historical feminist analysis, Gothic;en;Filologías;grado en estudios ingleses: lengua, literatura y cultura;ODS 5: Igualdad de género;ODS 16: Paz, justicia e instituciones sólidas;Ingrid;female;gender-guesser
Universidad de Educación a Distancia (UNED);TFG;Facultades y escuelas::Facultad de Filología;Grado en Estudios Ingleses: Lengua, Literatura y Cultura;"""The Girl of the Golden West"" de David Belasco y el libreto de la ópera ""La fanciulla del West"" de Guelfo Civinini y Carlo Zangarini, música de Giacomo Puccini: análisis comparativo sobre la caracterización de los personajes.";González Bernardo, María Covadonga;2017;https://e-spacio.uned.es/entities/publication/3b9fc7dd-8115-45a4-a4c4-f78bcefa977c/full;abstracts\_The_Girl_of_the_Golden_West___2017_68171407.txt;teatro, ópera, The Girl of the Golden West, La fanciulla del West, técnicas de caracterización, theatre, opera, characterization techniques;es;Filologías;grado en estudios ingleses: lengua, literatura y cultura;ODS 5: Igualdad de género;ODS 10: Reducción de las desigualdades;María;female;gender-guesser
Universidad de Educación a Distancia (UNED);TFG;Facultades y escuelas::Facultad de Filología;Grado en Estudios Ingleses: Lengua, Literatura y Cultura;“The woods are burning, boys, you understand?” Exploring directorial choices in the adaptation of Arthur Miller’s Death of a Salesman to Film;Marques Simão, Lurdes Maria;2024;https://e-spacio.uned.es/entities/publication/892601a6-6d04-4094-a7bd-60c0cbb26a6f/full;abstracts\_The_woods_are_burning__boys___2024_68569043.txt;Death of a Salesman, Arthur Miller, film adaptation, adaptation studies, contemporary American theatre;en;Filologías;grado en estudios ingleses: lengua, literatura y cultura;ODS 12: Producción y consumo responsables;ODS 14: Vida submarina;Lurdes;female;gender-guesser
