Universidad;Tipo Titulacion;Facultad;titulacion;Título;Autor;Año;URL;Archivo Abstract;Palabras Clave;Idioma Abstract;Categoria;titulacion_normalizada;ODS 1;ODS 2;Nombre evaluado;Género inferido;Fuente de género
Universidad de Leon;TFG;Facultad de Filosofia y Letras;Grado en Historia del Arte;Artemisia Gentileschi, Judit decapitando a Holofernes;Rodríguez Álvarez, Elena;2021;https://buleria.unileon.es/handle/10612/13505;abstracts_uhu_TFG\Artemisia_Gentileschi__Judit_d_No disponible_39677433.txt;Biografías, Filología, Iconología, Sociología, Mujeres;spa;Geografía e Historia;grado en historia del arte;ODS 4: Educación de calidad;ODS 5: Igualdad de género;Elena;female;gender-guesser
Universidad de Leon;TFG;Facultad de Filosofia y Letras;Grado en Historia;Clases dependientes en la España Antigua: los libertos en la ciudad de Tarraco = Dependent classes in Ancient Spain: the freedmen in Tarraco city;Carrizo Valcarce, Guillermo;2017;https://buleria.unileon.es/handle/10612/12082;abstracts_uhu_TFG\Clases_dependientes_en_la_Espa_No disponible_94804643.txt;Tarraco, Libertos, Esclavos;spa;Geografía e Historia;grado en historia;ODS 1: Fin de la pobreza;ODS 16: Paz, justicia e instituciones sólidas;Guillermo;male;gender-guesser
Universidad de Educación a Distancia (UNED);TFG;Facultades y escuelas::Facultad de Educación;Grado en Geografía e Historia;Concepción Arenal: Marco teórico y desarrollo de la intervención con personas privadas de libertad;Sous Sánchez, Ismael;2024;https://e-spacio.uned.es/entities/publication/ebd3f56b-fc09-44d8-b6ce-da8ba4f5e52f/full;abstracts\Concepci_n_Arenal__Marco_te_ri_2024_41773880.txt;Concepción Arenal, prisiones, intervención social, feminismos, prison, social intervention, feminisms;es;Geografía e Historia;grado en geografia e historia;ODS 3: Salud y bienestar;ODS 1: Fin de la pobreza;Ismael;male;gender-guesser
Universidad de Educación a Distancia (UNED);TFG;Facultades y escuelas::Facultad de Geografía e Historia;Grado en Geografía e Historia;Condenadas a muerte en los Consejos de Guerra Sumarísimos de Urgencia de 1937 en la provincia de Cádiz;Roldán de los Reyes, Beatriz;2020;https://e-spacio.uned.es/entities/publication/40e17598-6f58-4412-85b7-d25d68b89462/full;abstracts\Condenadas_a_muerte_en_los_Con_2020_88211692.txt;;es;Geografía e Historia;grado en geografia e historia;ODS 5: Igualdad de género;ODS 10: Reducción de las desigualdades;Beatriz;female;gender-guesser
Universidad de Educación a Distancia (UNED);TFG;Facultades y escuelas::Facultad de Geografía e Historia;Grado en Geografía e Historia;César contra los Pompeyanos en Hispania: Ilerda y Munda;Ausín Amigo, Miguel;2023;https://e-spacio.uned.es/entities/publication/465a8743-a7cb-4852-833d-bfd2751cd0be/full;abstracts\C_sar_contra_los_Pompeyanos_en_2023_71036749.txt;bellum Civile, bellum Hispaniense, batalla de Ilerda, batalla de Munda, Julio César, Gneo Pompeyo Magno, battle of Ilerda, battle of Munda, Julius Caesar, Gnaeus Pompeius Magnus;es;Geografía e Historia;grado en geografia e historia;ODS 13: Acción por el clima;ODS 17: Alianzas para lograr los objetivos;Miguel;male;gender-guesser
Universidad de Educación a Distancia (UNED);TFG;Facultades y escuelas::Facultad de Geografía e Historia;Grado en Geografía e Historia;De la ibérica eurocentrista del siglo XV a la globalización del siglo XVI;Ojuel Marín, Carmelo;2021;https://e-spacio.uned.es/entities/publication/00c051b8-e686-42ea-bef7-beb42f813ced/full;abstracts\De_la_ib_rica_eurocentrista_de_2021_59659108.txt;especias, sociedad del Renacimiento, expansión ultramarina, eurocentrismo, globalización, Antonio Galvao, spices, Renaissance society, overseas expansion, Eurocentrism, globalization;es;Geografía e Historia;grado en geografia e historia;ODS 15: Vida de ecosistemas terrestres;ODS 17: Alianzas para lograr los objetivos;Carmelo;male;gender-guesser
Universidad de Leon;TFG;Facultad de Filosofia y Letras;Grado en Historia del Arte;Dimensiones simbólicas y espirituales de la evolución del pensamiento estético de Miguel Ángel = Symbolic and spiritual dimensions of the evolution of Michelangelo's aesthetic thought;Hidalgo Salamanca, Ana Beatriz;2018;https://buleria.unileon.es/handle/10612/8766;abstracts_uhu_TFG\Dimensiones_simb_licas_y_espir_2018_18071598.txt;Estética, Michelangelo, 1475-1564;spa;Geografía e Historia;grado en historia del arte;ODS 4: Educación de calidad;ODS 12: Producción y consumo responsables;Ana;female;gender-guesser
Universidad de Leon;TFG;Facultad de Filosofia y Letras;Grado en Historia del Arte;El desnudo masculino en la pintura francesa del siglo XIX;Fernández Aparicio, José Manuel;2021;https://buleria.unileon.es/handle/10612/13501;abstracts_uhu_TFG\El_desnudo_masculino_en_la_pin_No disponible_37961180.txt;Pintura, Sexualidad, Desnudos, Hombres, Erotismo, Francia, Siglo XIX;spa;Geografía e Historia;grado en historia del arte;ODS 5: Igualdad de género;ODS 4: Educación de calidad;José;male;gender-guesser
Universidad de Educación a Distancia (UNED);TFG;Facultades y escuelas::Facultad de Geografía e Historia;Grado en Geografía e Historia;El Modo 1 en las terrazas altas de la cuenca baja del Miño;Villa Sola, Carlos;2022;https://e-spacio.uned.es/entities/publication/085ffe67-cbc4-4f71-8371-1c6b629f9915/full;abstracts\El_Modo_1_en_las_terrazas_alta_2022_29551284.txt;Modo 1, dudoso, terraza fluvial, rio Miño, Pleistoceno inferior, Mode 1, doubtful, fluvial terrace, Miño river, Lower Pleistocene;es;Geografía e Historia;grado en geografia e historia;ODS 15: Vida de ecosistemas terrestres;ODS 17: Alianzas para lograr los objetivos;Carlos;male;gender-guesser
Universidad de Leon;TFG;Facultad de Filosofia y Letras;Grado en Geografía y Ordenación del Territorio;El patrimonio como base para el desarrollo rural integrado de la comarca de Los Oteros (León) = The heritage as the base for the integrated Rural Development of the region of Los Oteros (León).;Barrientos Antón, Raúl;2020;https://buleria.unileon.es/handle/10612/13252;abstracts_uhu_TFG\El_patrimonio_como_base_para_e_No disponible_67250032.txt;Desarrollo rural, Patrimonio, Los Oteros (Comarca, León), Diversificación, Etnografía;spa;Geografía e Historia;grado en geografia y ordenacion del territorio;ODS 1: Fin de la pobreza;ODS 11: Ciudades y comunidades sostenibles;Raúl;male;gender-guesser
Universidad de Educación a Distancia (UNED);TFG;Facultades y escuelas::Facultad de Geografía e Historia;Grado en Geografía e Historia;El primer poblamiento de América;Benito Gallego, Raúl;2023;https://e-spacio.uned.es/entities/publication/361976de-bc8b-4906-8f8c-3617393607a1/full;abstracts\El_primer_poblamiento_de_Am_ri_2023_48774483.txt;primer poblamiento, América, Bering, Paleogenética, Paleoamericanos, Última Máximo Glacial, Arqueología, first peopling, Paleogenetics, Paleoamericans, Last Glacial Maximum, Archaeology;es;Geografía e Historia;grado en geografia e historia;ODS 15: Vida de ecosistemas terrestres;ODS 13: Acción por el clima;Raúl;male;gender-guesser
Universidad de Educación a Distancia (UNED);TFG;Facultades y escuelas::Facultad de Geografía e Historia;Grado en Geografía e Historia;El pueblo leal en combate: experiencia bélica de los combatientes de la 28.ª División la “Ascaso”;Gracia Pinilla, Pablo;2023;https://e-spacio.uned.es/entities/publication/c86afe70-a9fd-423f-97f8-de1e9d264240/full;abstracts\El_pueblo_leal_en_combate__exp_2023_42555756.txt;Guerra Civil, experiencia bélica, anarquismo, bando republicano, posguerra;es;Geografía e Historia;grado en geografia e historia;ODS 17: Alianzas para lograr los objetivos;ODS 16: Paz, justicia e instituciones sólidas;Pablo;male;gender-guesser
Universidad de Leon;TFG;Facultad de Filosofia y Letras;Grado en Historia;El Páramo Leonés y los recursos hídricos: transformaciones en época contemporánea;García Martínez, Javier;2020;https://buleria.unileon.es/handle/10612/12384;abstracts_uhu_TFG\El_P_ramo_Leon_s_y_los_recurso_No disponible_22215810.txt;Páramo (León), Recursos hidráulicos, Regadío;spa;Geografía e Historia;grado en historia;ODS 15: Vida de ecosistemas terrestres;ODS 1: Fin de la pobreza;Javier;male;gender-guesser
Universidad de Educación a Distancia (UNED);TFG;Facultades y escuelas::Facultad de Geografía e Historia;Grado en Geografía e Historia;El ramo del género de punto en Mataró durante la década de 1920. Una aproximación microeconómica;Masachs Dedeu, Ramon;2021;https://e-spacio.uned.es/entities/publication/fd04aa9b-2bd8-4701-aecb-c05ee4b21e0a/full;abstracts\El_ramo_del_g_nero_de_punto_en_2021_41883288.txt;;es;Geografía e Historia;grado en geografia e historia;ODS 9: Industria, innovación e infraestructura;ODS 12: Producción y consumo responsables;Ramon;male;gender-guesser
Universidad de Leon;TFG;Facultad de Filosofia y Letras;Grado en Historia del Arte;El retorno al origen en la obra de Gaudí = The return to the origin in Gaudi's work;Varela Fernández, Carlos;2019;https://buleria.unileon.es/handle/10612/11243;abstracts_uhu_TFG\El_retorno_al_origen_en_la_obr_No disponible_84114808.txt;Gaudí, Antoni, 1852-1926, Casa Botines (León), Palau Güell (Barcelona);spa;Geografía e Historia;grado en historia del arte;ODS 9: Industria, innovación e infraestructura;ODS 1: Fin de la pobreza;Carlos;male;gender-guesser
Universidad de Leon;TFG;Facultad de Filosofia y Letras;Grado en Historia del Arte;El simbolismo en los jardines de la Edad Moderna: Renacimiento y Barroco = Symbolism in Early Modern Age Gardens: Renaissance and Baroque;Rodríguez Morales, Álvaro;2017;https://buleria.unileon.es/handle/10612/7052;abstracts_uhu_TFG\El_simbolismo_en_los_jardines__2017_95357104.txt;Simbolismo, Jardines, Renacimiento, Arte barroco, Edad Moderna;spa;Geografía e Historia;grado en historia del arte;ODS 15: Vida de ecosistemas terrestres;ODS 13: Acción por el clima;Álvaro;male;gender-guesser
Universidad de Educación a Distancia (UNED);TFG;Facultades y escuelas::Facultad de Geografía e Historia;Grado en Geografía e Historia;Estudio comparativo de la fauna malacológica de los yacimientos prehistóricos de la provincia de Málaga durante el Paleolitíco y Epipaleolítico;García Juan, Ana Isabel;2021;https://e-spacio.uned.es/entities/publication/e515e76b-a189-436b-884e-183c0e62067a/full;abstracts\Estudio_comparativo_de_la_faun_2021_35574825.txt;;es;Geografía e Historia;grado en geografia e historia;ODS 15: Vida de ecosistemas terrestres;ODS 14: Vida submarina;Ana;female;gender-guesser
Universidad de Educación a Distancia (UNED);TFG;Facultades y escuelas::Facultad de Geografía e Historia;Grado en Geografía e Historia;Estudio del alistamiento militar obligatorio durante el Franquismo. caso de Puertollano, reemplazos de 1938 a 1943 a través de las cajas de quintas;Soto Fernández, Francisco Manuel;2023;https://e-spacio.uned.es/entities/publication/5696b0c6-0afe-4820-a6a3-f230ff205c64/full;abstracts\Estudio_del_alistamiento_milit_2023_97135611.txt;reclutamiento, ayuntamientos, Franquismo, quintas, servicio militar, adepto, desafecto, indiferente, prófugo, recruitment, city halls, Francoism, classes, military service, adept;es;Geografía e Historia;grado en geografia e historia;ODS 16: Paz, justicia e instituciones sólidas;ODS 17: Alianzas para lograr los objetivos;Francisco;male;gender-guesser
Universidad de Leon;TFG;Facultad de Filosofia y Letras;Grado en Historia del Arte;Forma y símbolo en las representaciones del cosmos en el Renacimiento italiano = Form and symbol in the representation of the cosmos in italian Renaissance;Jiménez Martínez, Camino;2019;https://buleria.unileon.es/handle/10612/9567;abstracts_uhu_TFG\Forma_y_s_mbolo_en_las_represe_2019_35612468.txt;Renacimiento, Italia, Símbolos, Cosmos;spa;Geografía e Historia;grado en historia del arte;ODS 15: Vida de ecosistemas terrestres;ODS 13: Acción por el clima;Camino;female;manual
Universidad de Educación a Distancia (UNED);TFG;Facultad de Geografía e Historia;Grado en Historia del Arte;Hechuras de cuerpo y mente. Modelando el poder en la Corte de los Austrias;González Alonso, Miriam Yolanda;2021;https://e-spacio.uned.es/entities/publication/ba8eadca-936c-432e-8003-4c5e04aba5fe/full;abstracts\Hechuras_de_cuerpo_y_mente__Mo_2021_62078509.txt;moral, educación, apariencia, moda, retrato, Leyes Suntuarias, Isabel de Portugal, Juana de Austria, Isabel de Valois, Isabel Clara Eugenia, Catalina Micaela, morals, education, appearance, fashion;es;Geografía e Historia;grado en historia del arte;ODS 5: Igualdad de género;ODS 16: Paz, justicia e instituciones sólidas;Miriam;female;gender-guesser
Universidad de Educación a Distancia (UNED);TFG;Facultades y escuelas::Facultad de Geografía e Historia;Grado en Geografía e Historia;Impacto de la recesión económica 2007-2009 sobre los movimientos migratorios en Europa;Penedo Naveira, Pablo;2023;https://e-spacio.uned.es/entities/publication/2fac58ed-5786-4f68-b8ff-4168aef39ccb/full;abstracts\Impacto_de_la_recesi_n_econ_mi_2023_35453032.txt;economic crisis, recession, migration, Europe;es;Geografía e Historia;grado en geografia e historia;ODS 1: Fin de la pobreza;ODS 10: Reducción de las desigualdades;Pablo;male;gender-guesser
Universidad de Educación a Distancia (UNED);TFG;Facultades y escuelas::Facultad de Geografía e Historia;Grado en Geografía e Historia;Incidencia de la incorporación de la mujer al mercado de trabajo en el descenso de la tasas de fertilidad en Europa (1980-2020);Sánchez Rodríguez, Pedro Manuel;2021;https://e-spacio.uned.es/entities/publication/cbf4afe7-25c3-4d06-a739-dda6a11bb282/full;abstracts\Incidencia_de_la_incorporaci_n_2021_68034586.txt;transición de fecundidad, mercado de trabajo, brecha salarial, políticas de natalidad;es;Geografía e Historia;grado en geografia e historia;ODS 5: Igualdad de género;ODS 8: Trabajo decente y crecimiento económico;Pedro;male;gender-guesser
Universidad de Leon;TFG;Facultad de Filosofia y Letras;Grado en Historia del Arte;Intervenciones arquitectónicas innovadoras en la catedrales de  Castilla y León durante el Barroco (1600-1760);Varela Fernández, Ángel;2020;https://buleria.unileon.es/handle/10612/13500;abstracts_uhu_TFG\Intervenciones_arquitect_nicas_No disponible_85164858.txt;Catedrales, Castilla y León, Arquitectura barroca;spa;Geografía e Historia;grado en historia del arte;ODS 9: Industria, innovación e infraestructura;ODS 11: Ciudades y comunidades sostenibles;Ángel;male;gender-guesser
Universidad de Educación a Distancia (UNED);TFG;Facultades y escuelas::Facultad de Geografía e Historia;Grado en Geografía e Historia;Las relaciones entre romanos e itálicos durante el siglo II a.C. y la Guerra Social;Artal Muñoz, Juan;2023;https://e-spacio.uned.es/entities/publication/08f21ae0-c1c3-4a83-9895-f4005303f425/full;abstracts\Las_relaciones_entre_romanos_e_2023_90757779.txt;Bellum Marsicum, Roma y aliados itálicos, Guerra Social, Druso, cuestión, Rome and italic allies, Social War, Drusus, agrarian question, Roman citizenship;es;Geografía e Historia;grado en geografia e historia;ODS 17: Alianzas para lograr los objetivos;ODS 16: Paz, justicia e instituciones sólidas;Juan;male;gender-guesser
Universidad de Educación a Distancia (UNED);TFG;Facultades y escuelas::Facultad de Geografía e Historia;Grado en Geografía e Historia;Las técnicas de digitalización y diseño 3D aplicadas a la Epigrafía;Serrano Basterra, Pablo;2023;https://e-spacio.uned.es/entities/publication/92002026-bcc8-4f5e-81b7-fff2cc99b226/full;abstracts\Las_t_cnicas_de_digitalizaci_n_2023_38094556.txt;Epigrafía, Virtualización Patrimonial, Arqueología Virtual, digitalización, diseño 3D;es;Geografía e Historia;grado en geografia e historia;ODS 17: Alianzas para lograr los objetivos;ODS 15: Vida de ecosistemas terrestres;Pablo;male;gender-guesser
Universidad de Educación a Distancia (UNED);TFG;Facultades y escuelas::Facultad de Geografía e Historia;Grado en Geografía e Historia;La aviación en el desembarco de Alhucemas (1925): los inicios del poder aéreo;Martín Hernández, Antonio;2024;https://e-spacio.uned.es/entities/publication/984bb80d-2f75-44cb-9e1b-c0f3576c0f7a/full;abstracts\La_aviaci_n_en_el_desembarco_d_2024_12166607.txt;Aviación, Alhucemas, Rif, Poder aéreo, Protectorado, Dictadura Miguel Primo de Rivera;es;Geografía e Historia;grado en geografia e historia;ODS 16: Paz, justicia e instituciones sólidas;ODS 1: Fin de la pobreza;Antonio;male;gender-guesser
Universidad de Leon;TFG;Facultad de Filosofia y Letras;Grado en Historia del Arte;La desmaterialización del objeto artístico en la obra de Joseph Kosuth;Riesco Navajo, Pablo;2021;https://buleria.unileon.es/handle/10612/13504;abstracts_uhu_TFG\La_desmaterializaci_n_del_obje_No disponible_18210382.txt;Lingüística, Filosofía, Kosuth, Joseph;spa;Geografía e Historia;grado en historia del arte;ODS 9: Industria, innovación e infraestructura;ODS 12: Producción y consumo responsables;Pablo;male;gender-guesser
Universidad de Educación a Distancia (UNED);TFG;Facultades y escuelas::Facultad de Ciencias;Grado en Geografía e Historia;La Guerra Civil en Horcajo de Santiago (Cuenca): la desaparición de un soldado republicano en Valsequillo;Mariscal Carrascosa, M.ª Teresa Evangelina;2024;https://e-spacio.uned.es/entities/publication/d514692a-c160-4b8f-b2a9-0bc6d5e2a701/full;abstracts\La_Guerra_Civil_en_Horcajo_de__2024_36290529.txt;Guerra Civil, CNT, Desmanes, Horcajo de Santiago, Gabriel Carrascosa Horcajada, Voluntarios forzosos, Reemplazos llamados al frente, Ley de Responsabilidades Políticas, Represión de mujeres, Abandono del gobierno, Hambre y pobreza, Teresa Carrascosa Ruiz, Anastasia Isidro Ballesteros, Eusebia Arquero Martínez., Civil war, excesses, Forced volunteers, Replacements called to the front, Law of Political Responsibilities, Repression of women, Abandonment of the government, Hunger and poverty;es;Geografía e Historia;grado en geografia e historia;ODS 1: Fin de la pobreza;ODS 17: Alianzas para lograr los objetivos;M.ª;female;manual
Universidad de Educación a Distancia (UNED);TFG;Facultades y escuelas::Facultad de Geografía e Historia;Grado en Geografía e Historia;La irrupción de la mujer en la vida pública en España: 1931 a 1939;Cota Rey, Rodrigo;2022;https://e-spacio.uned.es/entities/publication/8d58e080-bcc2-4df9-a6ce-8dfad91e8d14/full;abstracts\La_irrupci_n_de_la_mujer_en_la_2022_24471700.txt;;es;Geografía e Historia;grado en geografia e historia;ODS 5: Igualdad de género;ODS 16: Paz, justicia e instituciones sólidas;Rodrigo;male;gender-guesser
Universidad de Educación a Distancia (UNED);TFG;Facultades y escuelas::Facultad de Geografía e Historia;Grado en Geografía e Historia;La mujer en el Paleolítico;Codina Sanz, Sara Inés;2021;https://e-spacio.uned.es/entities/publication/a761fbd2-7366-4258-b760-06807d6c3f3f/full;abstracts\La_mujer_en_el_Paleol_tico_2021_36338299.txt;mujer, Paleolítico, Península Ibérica, women, Paleolithic, Iberian Peninsula;es;Geografía e Historia;grado en geografia e historia;ODS 5: Igualdad de género;ODS 15: Vida de ecosistemas terrestres;Sara;female;gender-guesser
Universidad de Leon;TFG;Facultad de Filosofia y Letras;Grado en Historia del Arte;La obra escultórica de Gil Siloé. Estado de la cuestión;Álvarez Bouzas, Darío;2021;https://buleria.unileon.es/handle/10612/13495;abstracts_uhu_TFG\La_obra_escult_rica_de_Gil_Sil_No disponible_13452340.txt;Escultura, Histología, Castilla y León, Siloé, Gil de, - ca. 1501;spa;Geografía e Historia;grado en historia del arte;ODS 15: Vida de ecosistemas terrestres;ODS 17: Alianzas para lograr los objetivos;Darío;male;gender-guesser
Universidad de Leon;TFG;Facultad de Filosofia y Letras;Grado en Historia del Arte;La ocultación en el arte: poder y fascinación de la imagen negada;Canto Mínguez, Irene del;2021;https://buleria.unileon.es/handle/10612/17513;abstracts_uhu_TFG\La_ocultaci_n_en_el_arte__pode_No disponible_24217109.txt;Aletheia, Imagen, Ocultación, Destrucción, Poder, Desvelamiento, Conocimiento, Image, Occultation, Destruction, Power, Unveiling, Knowledge;spa;Geografía e Historia;grado en historia del arte;ODS 9: Industria, innovación e infraestructura;ODS 12: Producción y consumo responsables;Irene;female;gender-guesser
Universidad de Leon;TFG;Facultad de Filosofia y Letras;Grado en Historia del Arte;La relación de la pintura del paisaje del romanticismo alemán con la filosofiá idealista;Sánchez Requejo, Daniel;2021;https://buleria.unileon.es/handle/10612/13493;abstracts_uhu_TFG\La_relaci_n_de_la_pintura_del__No disponible_16354308.txt;Romanticismo, Filosofía, Sociología, Filosofía idealista;spa;Geografía e Historia;grado en historia del arte;ODS 9: Industria, innovación e infraestructura;ODS 15: Vida de ecosistemas terrestres;Daniel;male;gender-guesser
Universidad de Leon;TFG;Facultad de Filosofia y Letras;Grado en Historia del Arte;La Villa Romana de la Olmeda (Palencia): Estado de la cuestión;Pisabarros Ramos, Diego;2022;https://buleria.unileon.es/handle/10612/17572;abstracts_uhu_TFG\La_Villa_Romana_de_la_Olmeda___No disponible_30999783.txt;La Olmeda, Tardoantiguo, Mosaicos, Estado de la cuestión, Late antiquity, Mosaics, State of the question;spa;Geografía e Historia;grado en historia del arte;ODS 15: Vida de ecosistemas terrestres;ODS 11: Ciudades y comunidades sostenibles;Diego;male;gender-guesser
Universidad de Leon;TFG;Facultad de Filosofia y Letras;Grado en Historia del Arte;Los elementos de la naturaleza en la pintura de J. M. W. Turner;Díez Gutiérrez, Laura;2021;https://buleria.unileon.es/handle/10612/13499;abstracts_uhu_TFG\Los_elementos_de_la_naturaleza_No disponible_34134307.txt;Pintura, Naturaleza, Simbología, Romanticismo;spa;Geografía e Historia;grado en historia del arte;ODS 15: Vida de ecosistemas terrestres;ODS 13: Acción por el clima;Laura;female;gender-guesser
Universidad de Educación a Distancia (UNED);TFG;Facultades y escuelas::Facultad de Geografía e Historia;Grado en Geografía e Historia;Los olvidados cazadores del noroeste peninsular. Principales yacimientos del Paleolítico Superior en Galicia;Ramos Lavandeira, José Manuel;2022;https://e-spacio.uned.es/entities/publication/c11eb229-95a3-482b-a2bd-89df3c6f5586/full;abstracts\Los_olvidados_cazadores_del_no_2022_76281565.txt;Paleolítico Superior, Galicia, industria lítica, Chatelperroniense, Auriñaciense, Gravetiense, Solutrense, Magdaleniense, Epipaleolítico, Valverde, Cova Eirós, Valdavara;es;Geografía e Historia;grado en geografia e historia;ODS 15: Vida de ecosistemas terrestres;ODS 14: Vida submarina;José;male;gender-guesser
Universidad de Leon;TFG;Facultad de Filosofia y Letras;Grado en Historia del Arte;Mujeres artistas y academicismo en la España del Siglo XIX;Blanco Méndez, Alba del;2021;https://buleria.unileon.es/handle/10612/13491;abstracts_uhu_TFG\Mujeres_artistas_y_academicism_No disponible_89409053.txt;Mujeres, Pintura, Educación, Exposición, España, Siglo XIX;spa;Geografía e Historia;grado en historia del arte;ODS 5: Igualdad de género;ODS 9: Industria, innovación e infraestructura;Alba;female;gender-guesser
Universidad de Leon;TFG;Facultad de Filosofia y Letras;Grado en Historia del Arte;Museo de las Bellas Artes de Bilbao: la evolución de la museografía en la exposición permanente;García López, Pablo;2021;https://buleria.unileon.es/handle/10612/13503;abstracts_uhu_TFG\Museo_de_las_Bellas_Artes_de_B_No disponible_15962042.txt;Museología, Exposiciones, Museo de las Bellas Artes (Bilbao);spa;Geografía e Historia;grado en historia del arte;ODS 9: Industria, innovación e infraestructura;ODS 15: Vida de ecosistemas terrestres;Pablo;male;gender-guesser
Universidad de Educación a Distancia (UNED);TFG;Facultades y escuelas::Facultad de Geografía e Historia;Grado en Geografía e Historia;Neolítico antiguo en el estrecho de Gibraltar y el territorio gaditano: Una revisión de las cuestiones económicas y sociales;Montes Baglietto, Ignacio Javier;2022;https://e-spacio.uned.es/entities/publication/f98aa71b-4ad1-4bf6-9868-6a2ade78eb3e/full;abstracts\Neol_tico_antiguo_en_el_estrec_2022_23393742.txt;Neolítico, Campo de Gibraltar, Cádiz, Estrecho rifeño, neolitización, domesticación, agricultura-ganadería, evolución neolítica, comercio, culturas neolíticas, Neolithic, Rif Strait, Neolithization, domestication, agriculture-livestock;es;Geografía e Historia;grado en geografia e historia;ODS 15: Vida de ecosistemas terrestres;ODS 12: Producción y consumo responsables;Ignacio;male;gender-guesser
Universidad de Leon;TFG;Facultad de Filosofia y Letras;Grado en Historia;Nuevas tecnologías aplicadas al estudio y difusión de la historia: el caso de los videojuegos;Fernández Herráez, Miguel;2023;https://buleria.unileon.es/handle/10612/22782;abstracts_uhu_TFG\Nuevas_tecnolog_as_aplicadas_a_No disponible_47361896.txt;Game Studies, Videojuegos Históricos, Investigación, Enseñanza, Divulgación;spa;Geografía e Historia;grado en historia;ODS 9: Industria, innovación e infraestructura;ODS 4: Educación de calidad;Miguel;male;gender-guesser
Universidad de Educación a Distancia (UNED);TFG;Facultades y escuelas::Facultad de Geografía e Historia;Grado en Geografía e Historia;Orígenes y modos de vida de los primeros grupos humanos en el actual territorio valenciano;Jordá Esteve, Manuel;2023;https://e-spacio.uned.es/entities/publication/4122d399-b9c9-45f1-aaaf-6c8fcb8bd7ae/full;abstracts\Or_genes_y_modos_de_vida_de_lo_2023_37746124.txt;cazadores-recolectores, Cuaternario, Pleistoceno medio, Pleistoceno superior, Holoceno, Paleoambiente, Paleolítico inferior, Paleolítico medio, Paleolítico superior, Epipaleolítico, Homo neanderthalensis, Homo sapiens, primer poblamiento, tecnología, hábitat;es;Geografía e Historia;grado en geografia e historia;ODS 15: Vida de ecosistemas terrestres;ODS 11: Ciudades y comunidades sostenibles;Manuel;male;gender-guesser
Universidad de Educación a Distancia (UNED);TFG;Facultades y escuelas::Facultad de Geografía e Historia;Grado en Geografía e Historia;Poblamientos del Neolítico Antiguo de la Península Ibérica: análisis desde una perspectiva Agronómica;Beltrán Martínez, Roberto;2021;https://e-spacio.uned.es/entities/publication/349d7e0e-13df-43c4-b683-8577667723f6/full;abstracts\Poblamientos_del_Neol_tico_Ant_2021_52229549.txt;;es;Geografía e Historia;grado en geografia e historia;ODS 9: Industria, innovación e infraestructura;ODS 15: Vida de ecosistemas terrestres;Roberto;male;gender-guesser
Universidad de Educación a Distancia (UNED);TFG;Facultades y escuelas::Facultad de Geografía e Historia;Grado en Geografía e Historia;Proyectos de regionalización previos al actual. El caso de la II República Española;Puga Llopis, Daniel;2023;https://e-spacio.uned.es/entities/publication/1eb3c7e8-f253-4f35-b56b-836f21960692/full;abstracts\Proyectos_de_regionalizaci_n_p_2023_43411383.txt;;es;Geografía e Historia;grado en geografia e historia;ODS 16: Paz, justicia e instituciones sólidas;ODS 17: Alianzas para lograr los objetivos;Daniel;male;gender-guesser
Universidad de Educación a Distancia (UNED);TFG;Facultades y escuelas::Facultad de Geografía e Historia;Grado en Geografía e Historia;Represión de género en la Posguerra: su incidencia en los barrios populares urbanos;Soria Méndez, Miguel Ángel;2023;https://e-spacio.uned.es/entities/publication/22b2525e-06fc-4a8a-819c-fec3e745bf48/full;abstracts\Represi_n_de_g_nero_en_la_Posg_2023_29635657.txt;represión, perspectiva de género, posguerra española, Franquismo, repression, gender perspective, spanish postwar, Francoism;es;Geografía e Historia;grado en geografia e historia;ODS 5: Igualdad de género;ODS 16: Paz, justicia e instituciones sólidas;Miguel;male;gender-guesser
Universidad de Educación a Distancia (UNED);TFG;Facultades y escuelas::Facultad de Geografía e Historia;Grado en Geografía e Historia;Represión femenina en Caspe durante el primer franquismo: una aproximación a través de los sumarios militares;Barceló Gresa, Amadeo;2018;https://e-spacio.uned.es/entities/publication/cd4bc6d4-32ed-4a96-8b21-c1076d371d53/full;abstracts\Represi_n_femenina_en_Caspe_du_2018_493589.txt;;es;Geografía e Historia;grado en geografia e historia;ODS 16: Paz, justicia e instituciones sólidas;ODS 1: Fin de la pobreza;Amadeo;male;gender-guesser
Universidad de Leon;TFG;Facultad de Filosofia y Letras;Grado en Historia del Arte;Rigor y fantasía en la presencia del arte en la estética de las series de televisión = Rigour and fantasy in the presence of art in TV series aesthetics;Herce Marqués, Lis;2015;https://buleria.unileon.es/handle/10612/4616;abstracts_uhu_TFG\Rigor_y_fantas_a_en_la_presenc_2015_723775.txt;Estética, Rigor, Fantasía, Series de televisión;spa;Geografía e Historia;grado en historia del arte;ODS 12: Producción y consumo responsables;ODS 9: Industria, innovación e infraestructura;Lis;female;gender-guesser
Universidad de Educación a Distancia (UNED);TFG;Facultades y escuelas::Facultad de Geografía e Historia;Grado en Geografía e Historia;Tartessos: Aportaciones Culturales Cananeas a las Sociedades del Bronce Final en el Sudoeste de la Península Ibérica;Uceta Pérez, Agustín;2022;https://e-spacio.uned.es/entities/publication/6dc3e352-43dc-4e5e-aa3c-debeba9a7256/full;abstracts\Tartessos__Aportaciones_Cultur_2022_85475020.txt;sociedades indígenas, Tartessos, Bronce Final, Cananeos, sudoeste, Bronce Atlántico, Fenicios, indigenous societies, Late Bronze, Canaanites, southwest, Atlantic Bronze, Phoenicians;es;Geografía e Historia;grado en geografia e historia;ODS 17: Alianzas para lograr los objetivos;ODS 15: Vida de ecosistemas terrestres;Agustín;male;gender-guesser
Universidad de Leon;TFG;Facultad de Filosofia y Letras;Grado en Historia del Arte;Un ejemplo de fuente barroca: la fuente de los cuatro ríos de Gian Lorenzo Bernini;Basalo Dacal, David;2021;https://buleria.unileon.es/handle/10612/13492;abstracts_uhu_TFG\Un_ejemplo_de_fuente_barroca___No disponible_9793893.txt;Urbanismo, Arquitectura, Escultura, Bibliografía, Arte barroco, Bernini, Gian Lorenzo. Fuente de los Cuatro Ríos;spa;Geografía e Historia;grado en historia del arte;ODS 11: Ciudades y comunidades sostenibles;ODS 6: Agua limpia y saneamiento;David;male;gender-guesser
Universidad de Leon;TFG;Facultad de Filosofia y Letras;Grado en Geografía y Ordenación del Territorio;Valoración del impacto paisajístico de proyectos de parques eólicos en la Cordillera Cantábrica =Assessment of the landscape impact of wind farm projects in the Cordillera Cantábrica;Fernández González, Alejandra;2021;https://buleria.unileon.es/handle/10612/13419;abstracts_uhu_TFG\Valoraci_n_del_impacto_paisaj__No disponible_27026679.txt;Cordillera Cantábrica (España), Impacto paisajístico, Energía eólica, Sistemas de Información Geográfica, Simulaciones 3D;spa;Geografía e Historia;grado en geografia y ordenacion del territorio;ODS 13: Acción por el clima;ODS 11: Ciudades y comunidades sostenibles;Alejandra;female;gender-guesser
